"Отметка времени","Ваш вік:","Ваша сфера діяльності чи навчання: ","Чи купуєте або гортаєте ви ілюстровані видання (артбуки, пікчербуки, графічні романи, комікси, манґу) для власного задоволення?","Що для вас найважливіше в книзі?","Як вам більше подобається сприймати приховані сенси в ілюстрованій книзі?  ","Що вас найбільше чіпляє в ілюстрованих виданнях?","З якою метою ви найчастіше купуєте/берете до рук такі видання?","Яка стилістика ілюстрацій вам найбільше відгукується?","Якій кольоровій гамі в ілюстрованих виданнях ви надаєте перевагу?","Як ви ставитеся до різкої зміни колористики всередині книги (наприклад, коли кольорові сторінки змінюються на чорно-білі або навпаки)?  ","Що для вас важливо в самій конструкції видання?","Яку тематичну сувенірну продукцію вам було б приємно отримати в комплекті з книгою?","А тут можна написати будь-що від себе авторці опитування або скинути посилання на улюблений мем 🤍 "
"2026/08/22 6:20:29 PM GMT+3","18–24 років","Творча та мистецька (дизайн, ілюстрація, театр/акторство, медіа, музика)","Інколи купую під настрій","Рівнозначно і візуал, і текст (історія, де вони доповнюють один одного)","Коли короткий текст або окремі фрази задають напрямок думки, але залишають простір для власних висновків","Виразний авторський стиль (який виділяється і запам'ятовується);Загальна атмосфера і настрій (затишок, таємничість або спокій);Глибина та приховані сенси (коли малюнки викликають філософські думки й мають підтекст, який прямо не прописується)","Отримати естетичне задоволення та натхнення;Для власної колекції або на подарунок","Мінімалістична графіка (прості форми, чисті заливки, чіткі контури);Експериментальна графіка (нестандартна, модерна графіка, яка не є масовою, але одразу запам'ятовується)","Пастельна, стримана","Позитивно — це сильний художній прийом, який підсилює емоції та зміну сюжету","Зручність розглядати малюнки на весь розворот (без заломів та з'їдання картинки в центрі);Наявність захисної суперобкладинки","Арт-картки/листівки;Стікерпак/наліпки;Закладки","<3"
"2026/08/22 6:34:03 PM GMT+3","18–24 років","Творча та мистецька (дизайн, ілюстрація, театр/акторство, медіа, музика)","Інколи купую під настрій","Переважно візуал (історія розповідається чисто картинками, без слів або майже без них)","Коли сенс розкривається повністю візуально через метафори (без підказок)","Виразний авторський стиль (який виділяється і запам'ятовується);Захоплива або зворушлива історія (цікавий сюжет, персонажі);Загальна атмосфера і настрій (затишок, таємничість або спокій);Тактильні відчуття (приємно тримати в руках, відчувати фактуру паперу тощо);Глибина та приховані сенси (коли малюнки викликають філософські думки й мають підтекст, який прямо не прописується)","Отримати естетичне задоволення та натхнення;Для власної колекції або на подарунок","Деталізована лінійна графіка (тонкі лінії, штрихування, багато дрібних елементів, які хочеться розглядати);Живописна графіка (м'які світлотіні, плавні переходи кольору, мальовничі градієнти);Експериментальна графіка (нестандартна, модерна графіка, яка не є масовою, але одразу запам'ятовується)","Не має значення, головне — загальна ідея","Позитивно — це сильний художній прийом, який підсилює емоції та зміну сюжету","Зручність розглядати малюнки на весь розворот (без заломів та з'їдання картинки в центрі);Якісна тверда палітурка, яка тримає форму та захищає сторінки;Цупкий матовий папір без зайвих відблисків","Стікерпак/наліпки;Металевий пін/значок",""
"2026/08/22 6:34:19 PM GMT+3","18–24 років","Творча та мистецька (дизайн, ілюстрація, театр/акторство, медіа, музика)","Інколи купую під настрій","Переважно візуал (історія розповідається чисто картинками, без слів або майже без них)","Коли короткий текст або окремі фрази задають напрямок думки, але залишають простір для власних висновків","Виразний авторський стиль (який виділяється і запам'ятовується);Захоплива або зворушлива історія (цікавий сюжет, персонажі);Загальна атмосфера і настрій (затишок, таємничість або спокій)","Отримати естетичне задоволення та натхнення;Для власної колекції або на подарунок","Деталізована лінійна графіка (тонкі лінії, штрихування, багато дрібних елементів, які хочеться розглядати);Мінімалістична графіка (прості форми, чисті заливки, чіткі контури);Колажна графіка (мікс різних текстур, фотографій, паперових елементів)","Насичена, яскрава","Нейтрально — якщо це виправдано ідеєю та атмосферою історії","Якісна тверда палітурка, яка тримає форму та захищає сторінки;Наявність захисної суперобкладинки;Цупкий матовий папір без зайвих відблисків","Арт-картки/листівки;Стікерпак/наліпки",""
"2026/08/22 6:36:36 PM GMT+3","18–24 років","Творча та мистецька (дизайн, ілюстрація, театр/акторство, медіа, музика)","Не купую, але мені це цікаво","Рівнозначно і візуал, і текст (історія, де вони доповнюють один одного)","Коли короткий текст або окремі фрази задають напрямок думки, але залишають простір для власних висновків","Виразний авторський стиль (який виділяється і запам'ятовується);Захоплива або зворушлива історія (цікавий сюжет, персонажі);Загальна атмосфера і настрій (затишок, таємничість або спокій);Тактильні відчуття (приємно тримати в руках, відчувати фактуру паперу тощо);Глибина та приховані сенси (коли малюнки викликають філософські думки й мають підтекст, який прямо не прописується)","Відпочити від екрану та інформаційного шуму;Отримати естетичне задоволення та натхнення","Живописна графіка (м'які світлотіні, плавні переходи кольору, мальовничі градієнти);Колажна графіка (мікс різних текстур, фотографій, паперових елементів);Експериментальна графіка (нестандартна, модерна графіка, яка не є масовою, але одразу запам'ятовується)","Не має значення, головне — загальна ідея","Позитивно — це сильний художній прийом, який підсилює емоції та зміну сюжету","Зручність розглядати малюнки на весь розворот (без заломів та з'їдання картинки в центрі);Якісна тверда палітурка, яка тримає форму та захищає сторінки;Великий формат, де добре видно всі деталі;Цупкий матовий папір без зайвих відблисків","Стікерпак/наліпки;Закладки",""
"2026/08/22 6:40:30 PM GMT+3","18–24 років","Творча та мистецька (дизайн, ілюстрація, театр/акторство, медіа, музика)","Не купую, але мені це цікаво","Переважно візуал (історія розповідається чисто картинками, без слів або майже без них)","Коли короткий текст або окремі фрази задають напрямок думки, але залишають простір для власних висновків","Виразний авторський стиль (який виділяється і запам'ятовується);Загальна атмосфера і настрій (затишок, таємничість або спокій);Тактильні відчуття (приємно тримати в руках, відчувати фактуру паперу тощо);Глибина та приховані сенси (коли малюнки викликають філософські думки й мають підтекст, який прямо не прописується)","Емоційно відпочити та перемкнути увагу;Відпочити від екрану та інформаційного шуму;Отримати естетичне задоволення та натхнення","Мінімалістична графіка (прості форми, чисті заливки, чіткі контури);Колажна графіка (мікс різних текстур, фотографій, паперових елементів);Експериментальна графіка (нестандартна, модерна графіка, яка не є масовою, але одразу запам'ятовується)","Насичена, яскрава","Нейтрально — якщо це виправдано ідеєю та атмосферою історії","Зручність розглядати малюнки на весь розворот (без заломів та з'їдання картинки в центрі);Якісна тверда палітурка, яка тримає форму та захищає сторінки;Великий формат, де добре видно всі деталі","Стікерпак/наліпки;Достатньо лише самої книги, без додаткових елементів","https://youtu.be/w0kG3YNgu54?si=9dAyB65gVHlyuAfG"
"2026/08/22 6:40:41 PM GMT+3","18–24 років","Творча та мистецька (дизайн, ілюстрація, театр/акторство, медіа, музика)","Так, купую регулярно","Рівнозначно і візуал, і текст (історія, де вони доповнюють один одного)","Коли короткий текст або окремі фрази задають напрямок думки, але залишають простір для власних висновків","Виразний авторський стиль (який виділяється і запам'ятовується);Захоплива або зворушлива історія (цікавий сюжет, персонажі);Глибина та приховані сенси (коли малюнки викликають філософські думки й мають підтекст, який прямо не прописується)","Відпочити від екрану та інформаційного шуму;Отримати естетичне задоволення та натхнення;Для власної колекції або на подарунок","Деталізована лінійна графіка (тонкі лінії, штрихування, багато дрібних елементів, які хочеться розглядати);Мінімалістична графіка (прості форми, чисті заливки, чіткі контури);Живописна графіка (м'які світлотіні, плавні переходи кольору, мальовничі градієнти);Колажна графіка (мікс різних текстур, фотографій, паперових елементів);Експериментальна графіка (нестандартна, модерна графіка, яка не є масовою, але одразу запам'ятовується)","Чорно-біла / монохромна","Позитивно — це сильний художній прийом, який підсилює емоції та зміну сюжету","Зручність розглядати малюнки на весь розворот (без заломів та з'їдання картинки в центрі);Якісна тверда палітурка, яка тримає форму та захищає сторінки;Цупкий матовий папір без зайвих відблисків","Арт-картки/листівки;Стікерпак/наліпки;Закладки;Металевий пін/значок","https://pin.it/335odZ7MS "
"2026/08/22 6:42:24 PM GMT+3","18–24 років","Творча та мистецька (дизайн, ілюстрація, театр/акторство, медіа, музика)","Не купую, але мені це цікаво","Рівнозначно і візуал, і текст (історія, де вони доповнюють один одного)","Коли короткий текст або окремі фрази задають напрямок думки, але залишають простір для власних висновків","Виразний авторський стиль (який виділяється і запам'ятовується);Захоплива або зворушлива історія (цікавий сюжет, персонажі);Загальна атмосфера і настрій (затишок, таємничість або спокій);Глибина та приховані сенси (коли малюнки викликають філософські думки й мають підтекст, який прямо не прописується)","Отримати естетичне задоволення та натхнення;Для власної колекції або на подарунок","Колажна графіка (мікс різних текстур, фотографій, паперових елементів);Експериментальна графіка (нестандартна, модерна графіка, яка не є масовою, але одразу запам'ятовується)","Не має значення, головне — загальна ідея","Нейтрально — якщо це виправдано ідеєю та атмосферою історії","Якісна тверда палітурка, яка тримає форму та захищає сторінки","Стікерпак/наліпки","Бажаю успіхів з дипломною, впевнена, вийде супер 🫶🏻💖"
"2026/08/22 6:43:24 PM GMT+3","18–24 років","Творча та мистецька (дизайн, ілюстрація, театр/акторство, медіа, музика)","Не купую, але мені це цікаво","Рівнозначно і візуал, і текст (історія, де вони доповнюють один одного)","Коли короткий текст або окремі фрази задають напрямок думки, але залишають простір для власних висновків","Виразний авторський стиль (який виділяється і запам'ятовується);Захоплива або зворушлива історія (цікавий сюжет, персонажі);Загальна атмосфера і настрій (затишок, таємничість або спокій);Глибина та приховані сенси (коли малюнки викликають філософські думки й мають підтекст, який прямо не прописується)","Емоційно відпочити та перемкнути увагу;Відпочити від екрану та інформаційного шуму;Отримати естетичне задоволення та натхнення","Деталізована лінійна графіка (тонкі лінії, штрихування, багато дрібних елементів, які хочеться розглядати);Живописна графіка (м'які світлотіні, плавні переходи кольору, мальовничі градієнти)","Не має значення, головне — загальна ідея","Нейтрально — якщо це виправдано ідеєю та атмосферою історії","Зручність розглядати малюнки на весь розворот (без заломів та з'їдання картинки в центрі);Якісна тверда палітурка, яка тримає форму та захищає сторінки;Цупкий матовий папір без зайвих відблисків","Арт-картки/листівки;Стікерпак/наліпки;Закладки;Металевий пін/значок","♡"
"2026/08/22 6:51:03 PM GMT+3","18–24 років","Творча та мистецька (дизайн, ілюстрація, театр/акторство, медіа, музика)","Так, купую регулярно","Рівнозначно і візуал, і текст (історія, де вони доповнюють один одного)","Коли є послідовна історія, яка веде читача від початку до розв'язки","Виразний авторський стиль (який виділяється і запам'ятовується);Захоплива або зворушлива історія (цікавий сюжет, персонажі);Тактильні відчуття (приємно тримати в руках, відчувати фактуру паперу тощо)","Емоційно відпочити та перемкнути увагу;Отримати естетичне задоволення та натхнення","Деталізована лінійна графіка (тонкі лінії, штрихування, багато дрібних елементів, які хочеться розглядати);Колажна графіка (мікс різних текстур, фотографій, паперових елементів)","Насичена, яскрава","Позитивно — це сильний художній прийом, який підсилює емоції та зміну сюжету","Великий формат, де добре видно всі деталі;Цупкий матовий папір без зайвих відблисків","Закладки;Достатньо лише самої книги, без додаткових елементів",""
"2026/08/22 6:53:16 PM GMT+3","18–24 років","Творча та мистецька (дизайн, ілюстрація, театр/акторство, медіа, музика)","Інколи купую під настрій","Рівнозначно і візуал, і текст (історія, де вони доповнюють один одного)","Коли сенс розкривається повністю візуально через метафори (без підказок)","Виразний авторський стиль (який виділяється і запам'ятовується);Захоплива або зворушлива історія (цікавий сюжет, персонажі);Загальна атмосфера і настрій (затишок, таємничість або спокій);Тактильні відчуття (приємно тримати в руках, відчувати фактуру паперу тощо);Глибина та приховані сенси (коли малюнки викликають філософські думки й мають підтекст, який прямо не прописується)","Емоційно відпочити та перемкнути увагу;Отримати естетичне задоволення та натхнення;Для власної колекції або на подарунок","Колажна графіка (мікс різних текстур, фотографій, паперових елементів)","Не має значення, головне — загальна ідея","Позитивно — це сильний художній прийом, який підсилює емоції та зміну сюжету","Зручність розглядати малюнки на весь розворот (без заломів та з'їдання картинки в центрі);Цупкий матовий папір без зайвих відблисків","Арт-картки/листівки;Стікерпак/наліпки","https://youtu.be/9SKcLx3GluA?si=s6NIRTeIXAdrwVlA"
"2026/08/22 7:00:24 PM GMT+3","18–24 років","Творча та мистецька (дизайн, ілюстрація, театр/акторство, медіа, музика)","Так, купую регулярно","Рівнозначно і візуал, і текст (історія, де вони доповнюють один одного)","Коли є послідовна історія, яка веде читача від початку до розв'язки","Виразний авторський стиль (який виділяється і запам'ятовується);Захоплива або зворушлива історія (цікавий сюжет, персонажі);Загальна атмосфера і настрій (затишок, таємничість або спокій);Глибина та приховані сенси (коли малюнки викликають філософські думки й мають підтекст, який прямо не прописується)","Отримати естетичне задоволення та натхнення;Для власної колекції або на подарунок","Деталізована лінійна графіка (тонкі лінії, штрихування, багато дрібних елементів, які хочеться розглядати);Живописна графіка (м'які світлотіні, плавні переходи кольору, мальовничі градієнти)","Не має значення, головне — загальна ідея","Нейтрально — якщо це виправдано ідеєю та атмосферою історії","Зручність розглядати малюнки на весь розворот (без заломів та з'їдання картинки в центрі);Великий формат, де добре видно всі деталі","Арт-картки/листівки;Стікерпак/наліпки;Закладки;Металевий пін/значок","https://pin.it/1kUK3qtug"
"2026/08/22 7:02:48 PM GMT+3","18–24 років","Творча та мистецька (дизайн, ілюстрація, театр/акторство, медіа, музика)","Інколи купую під настрій","Рівнозначно і візуал, і текст (історія, де вони доповнюють один одного)","Коли сенс розкривається повністю візуально через метафори (без підказок)","Виразний авторський стиль (який виділяється і запам'ятовується);Захоплива або зворушлива історія (цікавий сюжет, персонажі);Загальна атмосфера і настрій (затишок, таємничість або спокій)","Отримати естетичне задоволення та натхнення;Для власної колекції або на подарунок","Деталізована лінійна графіка (тонкі лінії, штрихування, багато дрібних елементів, які хочеться розглядати);Мінімалістична графіка (прості форми, чисті заливки, чіткі контури);Живописна графіка (м'які світлотіні, плавні переходи кольору, мальовничі градієнти);Колажна графіка (мікс різних текстур, фотографій, паперових елементів);Експериментальна графіка (нестандартна, модерна графіка, яка не є масовою, але одразу запам'ятовується)","Не має значення, головне — загальна ідея","Позитивно — це сильний художній прийом, який підсилює емоції та зміну сюжету","Зручність розглядати малюнки на весь розворот (без заломів та з'їдання картинки в центрі);Якісна тверда палітурка, яка тримає форму та захищає сторінки","Арт-картки/листівки;Стікерпак/наліпки;Металевий пін/значок",""
"2026/08/22 7:05:41 PM GMT+3","18–24 років","Творча та мистецька (дизайн, ілюстрація, театр/акторство, медіа, музика)","Інколи купую під настрій","Рівнозначно і візуал, і текст (історія, де вони доповнюють один одного)","Коли сенс розкривається повністю візуально через метафори (без підказок)","Виразний авторський стиль (який виділяється і запам'ятовується);Захоплива або зворушлива історія (цікавий сюжет, персонажі);Глибина та приховані сенси (коли малюнки викликають філософські думки й мають підтекст, який прямо не прописується)","Емоційно відпочити та перемкнути увагу;Отримати естетичне задоволення та натхнення;Для власної колекції або на подарунок","Деталізована лінійна графіка (тонкі лінії, штрихування, багато дрібних елементів, які хочеться розглядати);Колажна графіка (мікс різних текстур, фотографій, паперових елементів);Експериментальна графіка (нестандартна, модерна графіка, яка не є масовою, але одразу запам'ятовується)","Не має значення, головне — загальна ідея","Нейтрально — якщо це виправдано ідеєю та атмосферою історії","Зручність розглядати малюнки на весь розворот (без заломів та з'їдання картинки в центрі);Якісна тверда палітурка, яка тримає форму та захищає сторінки;Цупкий матовий папір без зайвих відблисків","Стікерпак/наліпки;Закладки",""
"2026/08/22 7:12:59 PM GMT+3","18–24 років","Творча та мистецька (дизайн, ілюстрація, театр/акторство, медіа, музика)","Не купую, але мені це цікаво","Рівнозначно і візуал, і текст (історія, де вони доповнюють один одного)","Коли є послідовна історія, яка веде читача від початку до розв'язки","Виразний авторський стиль (який виділяється і запам'ятовується);Захоплива або зворушлива історія (цікавий сюжет, персонажі);Загальна атмосфера і настрій (затишок, таємничість або спокій)","Отримати естетичне задоволення та натхнення","Деталізована лінійна графіка (тонкі лінії, штрихування, багато дрібних елементів, які хочеться розглядати);Живописна графіка (м'які світлотіні, плавні переходи кольору, мальовничі градієнти)","Насичена, яскрава","Негативно — віддаю перевагу єдиній кольоровій гамі протягом усієї книги","Зручність розглядати малюнки на весь розворот (без заломів та з'їдання картинки в центрі)","Арт-картки/листівки;Металевий пін/значок",""
"2026/08/22 7:16:08 PM GMT+3","18–24 років","Творча та мистецька (дизайн, ілюстрація, театр/акторство, медіа, музика)","Не купую, але мені це цікаво","Переважно текст (головне — велика розповідь, а ілюстрації не обов'язкові або другорядні)","Коли короткий текст або окремі фрази задають напрямок думки, але залишають простір для власних висновків","Виразний авторський стиль (який виділяється і запам'ятовується);Захоплива або зворушлива історія (цікавий сюжет, персонажі);Глибина та приховані сенси (коли малюнки викликають філософські думки й мають підтекст, який прямо не прописується)","Емоційно відпочити та перемкнути увагу;Отримати естетичне задоволення та натхнення","Деталізована лінійна графіка (тонкі лінії, штрихування, багато дрібних елементів, які хочеться розглядати);Живописна графіка (м'які світлотіні, плавні переходи кольору, мальовничі градієнти)","Не має значення, головне — загальна ідея","Нейтрально — якщо це виправдано ідеєю та атмосферою історії","Зручність розглядати малюнки на весь розворот (без заломів та з'їдання картинки в центрі);Якісна тверда палітурка, яка тримає форму та захищає сторінки","Стікерпак/наліпки;Закладки","Помада кентавра"
"2026/08/22 7:16:29 PM GMT+3","18–24 років","Творча та мистецька (дизайн, ілюстрація, театр/акторство, медіа, музика)","Так, купую регулярно","Рівнозначно і візуал, і текст (історія, де вони доповнюють один одного)","Коли є послідовна історія, яка веде читача від початку до розв'язки","Виразний авторський стиль (який виділяється і запам'ятовується);Захоплива або зворушлива історія (цікавий сюжет, персонажі);Загальна атмосфера і настрій (затишок, таємничість або спокій);Тактильні відчуття (приємно тримати в руках, відчувати фактуру паперу тощо)","Емоційно відпочити та перемкнути увагу;Відпочити від екрану та інформаційного шуму;Отримати естетичне задоволення та натхнення;Для власної колекції або на подарунок","Мінімалістична графіка (прості форми, чисті заливки, чіткі контури);Живописна графіка (м'які світлотіні, плавні переходи кольору, мальовничі градієнти);Колажна графіка (мікс різних текстур, фотографій, паперових елементів)","Пастельна, стримана","Позитивно — це сильний художній прийом, який підсилює емоції та зміну сюжету","Зручність розглядати малюнки на весь розворот (без заломів та з'їдання картинки в центрі);Якісна тверда палітурка, яка тримає форму та захищає сторінки","Арт-картки/листівки;Стікерпак/наліпки;Закладки;Металевий пін/значок","https://pin.it/4tVjX5Dmp"
"2026/08/22 7:50:56 PM GMT+3","18–24 років","Творча та мистецька (дизайн, ілюстрація, театр/акторство, медіа, музика)","Не купую, але мені це цікаво","Рівнозначно і візуал, і текст (історія, де вони доповнюють один одного)","Коли короткий текст або окремі фрази задають напрямок думки, але залишають простір для власних висновків","Захоплива або зворушлива історія (цікавий сюжет, персонажі);Глибина та приховані сенси (коли малюнки викликають філософські думки й мають підтекст, який прямо не прописується)","Отримати естетичне задоволення та натхнення","Живописна графіка (м'які світлотіні, плавні переходи кольору, мальовничі градієнти)","Не має значення, головне — загальна ідея","Негативно — віддаю перевагу єдиній кольоровій гамі протягом усієї книги","Зручність розглядати малюнки на весь розворот (без заломів та з'їдання картинки в центрі);Великий формат, де добре видно всі деталі","Арт-картки/листівки;Стікерпак/наліпки",""
"2026/08/22 9:01:54 PM GMT+3","18–24 років","Гуманітарна та суспільна (маркетинг, освіта, філологія, психологія, менеджмент)","Не купую, але мені це цікаво","Рівнозначно і візуал, і текст (історія, де вони доповнюють один одного)","Коли сенс розкривається повністю візуально через метафори (без підказок)","Виразний авторський стиль (який виділяється і запам'ятовується);Захоплива або зворушлива історія (цікавий сюжет, персонажі);Загальна атмосфера і настрій (затишок, таємничість або спокій);Тактильні відчуття (приємно тримати в руках, відчувати фактуру паперу тощо)","Емоційно відпочити та перемкнути увагу;Отримати естетичне задоволення та натхнення","Деталізована лінійна графіка (тонкі лінії, штрихування, багато дрібних елементів, які хочеться розглядати);Живописна графіка (м'які світлотіні, плавні переходи кольору, мальовничі градієнти)","Пастельна, стримана","Негативно — віддаю перевагу єдиній кольоровій гамі протягом усієї книги","Зручність розглядати малюнки на весь розворот (без заломів та з'їдання картинки в центрі);Якісна тверда палітурка, яка тримає форму та захищає сторінки;Великий формат, де добре видно всі деталі;Цупкий матовий папір без зайвих відблисків","Арт-картки/листівки;Стікерпак/наліпки;Закладки;Металевий пін/значок",""
"2026/08/22 9:49:13 PM GMT+3","18–24 років","Творча та мистецька (дизайн, ілюстрація, театр/акторство, медіа, музика)","Інколи купую під настрій","Рівнозначно і візуал, і текст (історія, де вони доповнюють один одного)","Коли короткий текст або окремі фрази задають напрямок думки, але залишають простір для власних висновків","Виразний авторський стиль (який виділяється і запам'ятовується);Загальна атмосфера і настрій (затишок, таємничість або спокій);Тактильні відчуття (приємно тримати в руках, відчувати фактуру паперу тощо);Глибина та приховані сенси (коли малюнки викликають філософські думки й мають підтекст, який прямо не прописується)","Емоційно відпочити та перемкнути увагу;Відпочити від екрану та інформаційного шуму;Отримати естетичне задоволення та натхнення;Для власної колекції або на подарунок","Деталізована лінійна графіка (тонкі лінії, штрихування, багато дрібних елементів, які хочеться розглядати);Живописна графіка (м'які світлотіні, плавні переходи кольору, мальовничі градієнти);Колажна графіка (мікс різних текстур, фотографій, паперових елементів)","Не має значення, головне — загальна ідея","Позитивно — це сильний художній прийом, який підсилює емоції та зміну сюжету","Зручність розглядати малюнки на весь розворот (без заломів та з'їдання картинки в центрі);Великий формат, де добре видно всі деталі","Арт-картки/листівки;Стікерпак/наліпки;Металевий пін/значок","Каріна я тебе кохаюююююю🥰"
"2026/08/22 10:01:52 PM GMT+3","18–24 років","Творча та мистецька (дизайн, ілюстрація, театр/акторство, медіа, музика)","Не купую, але мені це цікаво","Рівнозначно і візуал, і текст (історія, де вони доповнюють один одного)","Коли є послідовна історія, яка веде читача від початку до розв'язки","Виразний авторський стиль (який виділяється і запам'ятовується);Загальна атмосфера і настрій (затишок, таємничість або спокій)","Отримати естетичне задоволення та натхнення","Живописна графіка (м'які світлотіні, плавні переходи кольору, мальовничі градієнти)","Насичена, яскрава","Негативно — віддаю перевагу єдиній кольоровій гамі протягом усієї книги","Зручність розглядати малюнки на весь розворот (без заломів та з'їдання картинки в центрі);Якісна тверда палітурка, яка тримає форму та захищає сторінки","Арт-картки/листівки;Стікерпак/наліпки",""
"2026/08/22 10:16:23 PM GMT+3","18–24 років","Творча та мистецька (дизайн, ілюстрація, театр/акторство, медіа, музика)","Ні, мені це нецікаво","Переважно візуал (історія розповідається чисто картинками, без слів або майже без них)","Коли є послідовна історія, яка веде читача від початку до розв'язки","Виразний авторський стиль (який виділяється і запам'ятовується);Загальна атмосфера і настрій (затишок, таємничість або спокій);Глибина та приховані сенси (коли малюнки викликають філософські думки й мають підтекст, який прямо не прописується)","Отримати естетичне задоволення та натхнення","Деталізована лінійна графіка (тонкі лінії, штрихування, багато дрібних елементів, які хочеться розглядати);Мінімалістична графіка (прості форми, чисті заливки, чіткі контури);Колажна графіка (мікс різних текстур, фотографій, паперових елементів)","Не має значення, головне — загальна ідея","Нейтрально — якщо це виправдано ідеєю та атмосферою історії","Зручність розглядати малюнки на весь розворот (без заломів та з'їдання картинки в центрі);Якісна тверда палітурка, яка тримає форму та захищає сторінки","Стікерпак/наліпки;Закладки","https://vt.tiktok.com/ZSVmY12Fe/"
"2026/08/22 10:26:05 PM GMT+3","18–24 років","Творча та мистецька (дизайн, ілюстрація, театр/акторство, медіа, музика)","Інколи купую під настрій","Рівнозначно і візуал, і текст (історія, де вони доповнюють один одного)","Коли короткий текст або окремі фрази задають напрямок думки, але залишають простір для власних висновків","Виразний авторський стиль (який виділяється і запам'ятовується);Захоплива або зворушлива історія (цікавий сюжет, персонажі);Загальна атмосфера і настрій (затишок, таємничість або спокій);Тактильні відчуття (приємно тримати в руках, відчувати фактуру паперу тощо);Глибина та приховані сенси (коли малюнки викликають філософські думки й мають підтекст, який прямо не прописується)","Відпочити від екрану та інформаційного шуму;Отримати естетичне задоволення та натхнення;Для власної колекції або на подарунок","Деталізована лінійна графіка (тонкі лінії, штрихування, багато дрібних елементів, які хочеться розглядати);Живописна графіка (м'які світлотіні, плавні переходи кольору, мальовничі градієнти);Колажна графіка (мікс різних текстур, фотографій, паперових елементів);Експериментальна графіка (нестандартна, модерна графіка, яка не є масовою, але одразу запам'ятовується)","Не має значення, головне — загальна ідея","Позитивно — це сильний художній прийом, який підсилює емоції та зміну сюжету","Зручність розглядати малюнки на весь розворот (без заломів та з'їдання картинки в центрі);Якісна тверда палітурка, яка тримає форму та захищає сторінки;Великий формат, де добре видно всі деталі;Цупкий матовий папір без зайвих відблисків","Стікерпак/наліпки;Металевий пін/значок;Достатньо лише самої книги, без додаткових елементів","https://t.me/antabaka7/21459 это из последнего что меня насмешило, приколы с дон симоном тоже класс, надеюсь сработает ссылка подписывайтесь на канал, а автору опроса удачного написания и защиты диплома, всё заебок будет)) =ДОБРО И ПОЗИТИВ="
"2026/08/22 10:34:09 PM GMT+3","18–24 років","Творча та мистецька (дизайн, ілюстрація, театр/акторство, медіа, музика)","Не купую, але мені це цікаво","Рівнозначно і візуал, і текст (історія, де вони доповнюють один одного)","Коли короткий текст або окремі фрази задають напрямок думки, але залишають простір для власних висновків","Виразний авторський стиль (який виділяється і запам'ятовується);Загальна атмосфера і настрій (затишок, таємничість або спокій);Глибина та приховані сенси (коли малюнки викликають філософські думки й мають підтекст, який прямо не прописується)","Емоційно відпочити та перемкнути увагу;Отримати естетичне задоволення та натхнення","Деталізована лінійна графіка (тонкі лінії, штрихування, багато дрібних елементів, які хочеться розглядати);Живописна графіка (м'які світлотіні, плавні переходи кольору, мальовничі градієнти)","Не має значення, головне — загальна ідея","Нейтрально — якщо це виправдано ідеєю та атмосферою історії","Зручність розглядати малюнки на весь розворот (без заломів та з'їдання картинки в центрі);Якісна тверда палітурка, яка тримає форму та захищає сторінки","Арт-картки/листівки;Стікерпак/наліпки;Закладки",""
"2026/08/22 10:42:44 PM GMT+3","18–24 років","Творча та мистецька (дизайн, ілюстрація, театр/акторство, медіа, музика)","Інколи купую під настрій","Рівнозначно і візуал, і текст (історія, де вони доповнюють один одного)","Коли короткий текст або окремі фрази задають напрямок думки, але залишають простір для власних висновків","Виразний авторський стиль (який виділяється і запам'ятовується);Захоплива або зворушлива історія (цікавий сюжет, персонажі);Загальна атмосфера і настрій (затишок, таємничість або спокій);Тактильні відчуття (приємно тримати в руках, відчувати фактуру паперу тощо)","Емоційно відпочити та перемкнути увагу;Отримати естетичне задоволення та натхнення","Деталізована лінійна графіка (тонкі лінії, штрихування, багато дрібних елементів, які хочеться розглядати);Живописна графіка (м'які світлотіні, плавні переходи кольору, мальовничі градієнти);Колажна графіка (мікс різних текстур, фотографій, паперових елементів);Експериментальна графіка (нестандартна, модерна графіка, яка не є масовою, але одразу запам'ятовується)","Насичена, яскрава","Позитивно — це сильний художній прийом, який підсилює емоції та зміну сюжету","Зручність розглядати малюнки на весь розворот (без заломів та з'їдання картинки в центрі);Якісна тверда палітурка, яка тримає форму та захищає сторінки;Великий формат, де добре видно всі деталі","Арт-картки/листівки;Стікерпак/наліпки;Металевий пін/значок",""
"2026/08/22 10:45:48 PM GMT+3","18–24 років","Творча та мистецька (дизайн, ілюстрація, театр/акторство, медіа, музика)","Інколи купую під настрій","Рівнозначно і візуал, і текст (історія, де вони доповнюють один одного)","Коли є послідовна історія, яка веде читача від початку до розв'язки","Захоплива або зворушлива історія (цікавий сюжет, персонажі);Загальна атмосфера і настрій (затишок, таємничість або спокій);Глибина та приховані сенси (коли малюнки викликають філософські думки й мають підтекст, який прямо не прописується)","Емоційно відпочити та перемкнути увагу;Відпочити від екрану та інформаційного шуму;Отримати естетичне задоволення та натхнення;Для власної колекції або на подарунок","Деталізована лінійна графіка (тонкі лінії, штрихування, багато дрібних елементів, які хочеться розглядати);Експериментальна графіка (нестандартна, модерна графіка, яка не є масовою, але одразу запам'ятовується)","Чорно-біла / монохромна","Нейтрально — якщо це виправдано ідеєю та атмосферою історії","Зручність розглядати малюнки на весь розворот (без заломів та з'їдання картинки в центрі);Великий формат, де добре видно всі деталі","Арт-картки/листівки;Стікерпак/наліпки",""
"2026/08/22 10:52:28 PM GMT+3","18–24 років","Творча та мистецька (дизайн, ілюстрація, театр/акторство, медіа, музика)","Інколи купую під настрій","Рівнозначно і візуал, і текст (історія, де вони доповнюють один одного)","Коли є послідовна історія, яка веде читача від початку до розв'язки","Виразний авторський стиль (який виділяється і запам'ятовується);Загальна атмосфера і настрій (затишок, таємничість або спокій);Глибина та приховані сенси (коли малюнки викликають філософські думки й мають підтекст, який прямо не прописується)","Відпочити від екрану та інформаційного шуму;Отримати естетичне задоволення та натхнення;Для власної колекції або на подарунок","Деталізована лінійна графіка (тонкі лінії, штрихування, багато дрібних елементів, які хочеться розглядати);Живописна графіка (м'які світлотіні, плавні переходи кольору, мальовничі градієнти);Колажна графіка (мікс різних текстур, фотографій, паперових елементів);Експериментальна графіка (нестандартна, модерна графіка, яка не є масовою, але одразу запам'ятовується)","Не має значення, головне — загальна ідея","Позитивно — це сильний художній прийом, який підсилює емоції та зміну сюжету","Зручність розглядати малюнки на весь розворот (без заломів та з'їдання картинки в центрі);Якісна тверда палітурка, яка тримає форму та захищає сторінки","Стікерпак/наліпки;Металевий пін/значок","https://pin.it/3d2d3nKhm"
"2026/08/22 11:05:58 PM GMT+3","35+ років","Інше","Не купую, але мені це цікаво","Рівнозначно і візуал, і текст (історія, де вони доповнюють один одного)","Коли є послідовна історія, яка веде читача від початку до розв'язки","Глибина та приховані сенси (коли малюнки викликають філософські думки й мають підтекст, який прямо не прописується)","Отримати естетичне задоволення та натхнення","Експериментальна графіка (нестандартна, модерна графіка, яка не є масовою, але одразу запам'ятовується)","Насичена, яскрава","Позитивно — це сильний художній прийом, який підсилює емоції та зміну сюжету","Зручність розглядати малюнки на весь розворот (без заломів та з'їдання картинки в центрі)","Арт-картки/листівки;Закладки","🥰😘"
"2026/08/22 11:14:33 PM GMT+3","35+ років","Технічна та природнича (IT, інженерія, наука, фінанси, логістика)","Не купую, але мені це цікаво","Рівнозначно і візуал, і текст (історія, де вони доповнюють один одного)","Коли сенс розкривається повністю візуально через метафори (без підказок)","Виразний авторський стиль (який виділяється і запам'ятовується);Захоплива або зворушлива історія (цікавий сюжет, персонажі);Загальна атмосфера і настрій (затишок, таємничість або спокій);Тактильні відчуття (приємно тримати в руках, відчувати фактуру паперу тощо);Глибина та приховані сенси (коли малюнки викликають філософські думки й мають підтекст, який прямо не прописується)","Емоційно відпочити та перемкнути увагу;Відпочити від екрану та інформаційного шуму;Для власної колекції або на подарунок","Деталізована лінійна графіка (тонкі лінії, штрихування, багато дрібних елементів, які хочеться розглядати);Мінімалістична графіка (прості форми, чисті заливки, чіткі контури);Живописна графіка (м'які світлотіні, плавні переходи кольору, мальовничі градієнти)","Не має значення, головне — загальна ідея","Нейтрально — якщо це виправдано ідеєю та атмосферою історії","Зручність розглядати малюнки на весь розворот (без заломів та з'їдання картинки в центрі)","Стікерпак/наліпки;Металевий пін/значок",""
"2026/08/23 12:53:20 AM GMT+3","18–24 років","Творча та мистецька (дизайн, ілюстрація, театр/акторство, медіа, музика)","Інколи купую під настрій","Переважно текст (головне — велика розповідь, а ілюстрації не обов'язкові або другорядні)","Коли короткий текст або окремі фрази задають напрямок думки, але залишають простір для власних висновків","Виразний авторський стиль (який виділяється і запам'ятовується);Захоплива або зворушлива історія (цікавий сюжет, персонажі);Загальна атмосфера і настрій (затишок, таємничість або спокій);Глибина та приховані сенси (коли малюнки викликають філософські думки й мають підтекст, який прямо не прописується)","Емоційно відпочити та перемкнути увагу;Відпочити від екрану та інформаційного шуму","Деталізована лінійна графіка (тонкі лінії, штрихування, багато дрібних елементів, які хочеться розглядати)","Чорно-біла / монохромна","Негативно — віддаю перевагу єдиній кольоровій гамі протягом усієї книги","Якісна тверда палітурка, яка тримає форму та захищає сторінки;Цупкий матовий папір без зайвих відблисків","Арт-картки/листівки","Ну и нахуй ты меня сюда завела?:)"
"2026/08/23 12:53:36 AM GMT+3","25–34 роки","Технічна та природнича (IT, інженерія, наука, фінанси, логістика)","Не купую, але мені це цікаво","Рівнозначно і візуал, і текст (історія, де вони доповнюють один одного)","Коли сенс розкривається повністю візуально через метафори (без підказок)","Глибина та приховані сенси (коли малюнки викликають філософські думки й мають підтекст, який прямо не прописується)","Отримати естетичне задоволення та натхнення","Мінімалістична графіка (прості форми, чисті заливки, чіткі контури);Експериментальна графіка (нестандартна, модерна графіка, яка не є масовою, але одразу запам'ятовується)","Пастельна, стримана","Позитивно — це сильний художній прийом, який підсилює емоції та зміну сюжету","Зручність розглядати малюнки на весь розворот (без заломів та з'їдання картинки в центрі)","Арт-картки/листівки;Закладки",":)"
"2026/08/23 10:38:15 AM GMT+3","18–24 років","Творча та мистецька (дизайн, ілюстрація, театр/акторство, медіа, музика)","Так, купую регулярно","Рівнозначно і візуал, і текст (історія, де вони доповнюють один одного)","Коли короткий текст або окремі фрази задають напрямок думки, але залишають простір для власних висновків","Виразний авторський стиль (який виділяється і запам'ятовується);Захоплива або зворушлива історія (цікавий сюжет, персонажі);Загальна атмосфера і настрій (затишок, таємничість або спокій);Тактильні відчуття (приємно тримати в руках, відчувати фактуру паперу тощо);Глибина та приховані сенси (коли малюнки викликають філософські думки й мають підтекст, який прямо не прописується)","Емоційно відпочити та перемкнути увагу;Відпочити від екрану та інформаційного шуму;Отримати естетичне задоволення та натхнення;Для власної колекції або на подарунок","Деталізована лінійна графіка (тонкі лінії, штрихування, багато дрібних елементів, які хочеться розглядати);Мінімалістична графіка (прості форми, чисті заливки, чіткі контури);Живописна графіка (м'які світлотіні, плавні переходи кольору, мальовничі градієнти);Колажна графіка (мікс різних текстур, фотографій, паперових елементів);Експериментальна графіка (нестандартна, модерна графіка, яка не є масовою, але одразу запам'ятовується)","Не має значення, головне — загальна ідея","Позитивно — це сильний художній прийом, який підсилює емоції та зміну сюжету","Зручність розглядати малюнки на весь розворот (без заломів та з'їдання картинки в центрі);Якісна тверда палітурка, яка тримає форму та захищає сторінки;Наявність захисної суперобкладинки;Великий формат, де добре видно всі деталі;Цупкий матовий папір без зайвих відблисків","Арт-картки/листівки;Стікерпак/наліпки;Закладки;Металевий пін/значок;Достатньо лише самої книги, без додаткових елементів",""
"2026/08/23 12:42:17 PM GMT+3","18–24 років","Творча та мистецька (дизайн, ілюстрація, театр/акторство, медіа, музика)","Не купую, але мені це цікаво","Переважно візуал (історія розповідається чисто картинками, без слів або майже без них)","Коли короткий текст або окремі фрази задають напрямок думки, але залишають простір для власних висновків","Виразний авторський стиль (який виділяється і запам'ятовується);Загальна атмосфера і настрій (затишок, таємничість або спокій);Тактильні відчуття (приємно тримати в руках, відчувати фактуру паперу тощо)","Отримати естетичне задоволення та натхнення","Деталізована лінійна графіка (тонкі лінії, штрихування, багато дрібних елементів, які хочеться розглядати);Живописна графіка (м'які світлотіні, плавні переходи кольору, мальовничі градієнти);Експериментальна графіка (нестандартна, модерна графіка, яка не є масовою, але одразу запам'ятовується)","Пастельна, стримана","Позитивно — це сильний художній прийом, який підсилює емоції та зміну сюжету","Якісна тверда палітурка, яка тримає форму та захищає сторінки;Великий формат, де добре видно всі деталі;Цупкий матовий папір без зайвих відблисків","Арт-картки/листівки;Стікерпак/наліпки","https://pin.it/6goMeJoEx"
"2026/08/23 12:46:24 PM GMT+3","18–24 років","Гуманітарна та суспільна (маркетинг, освіта, філологія, психологія, менеджмент)","Інколи купую під настрій","Переважно текст (головне — велика розповідь, а ілюстрації не обов'язкові або другорядні)","Коли є послідовна історія, яка веде читача від початку до розв'язки","Захоплива або зворушлива історія (цікавий сюжет, персонажі);Загальна атмосфера і настрій (затишок, таємничість або спокій)","Емоційно відпочити та перемкнути увагу;Відпочити від екрану та інформаційного шуму","Деталізована лінійна графіка (тонкі лінії, штрихування, багато дрібних елементів, які хочеться розглядати)","Насичена, яскрава","Негативно — віддаю перевагу єдиній кольоровій гамі протягом усієї книги","Зручність розглядати малюнки на весь розворот (без заломів та з'їдання картинки в центрі);Якісна тверда палітурка, яка тримає форму та захищає сторінки","Стікерпак/наліпки",""
"2026/08/23 12:57:20 PM GMT+3","До 18 років","Гуманітарна та суспільна (маркетинг, освіта, філологія, психологія, менеджмент)","Не купую, але мені це цікаво","Переважно текст (головне — велика розповідь, а ілюстрації не обов'язкові або другорядні)","Коли короткий текст або окремі фрази задають напрямок думки, але залишають простір для власних висновків","Виразний авторський стиль (який виділяється і запам'ятовується);Захоплива або зворушлива історія (цікавий сюжет, персонажі);Тактильні відчуття (приємно тримати в руках, відчувати фактуру паперу тощо)","Емоційно відпочити та перемкнути увагу;Відпочити від екрану та інформаційного шуму","Деталізована лінійна графіка (тонкі лінії, штрихування, багато дрібних елементів, які хочеться розглядати);Мінімалістична графіка (прості форми, чисті заливки, чіткі контури)","Насичена, яскрава","Позитивно — це сильний художній прийом, який підсилює емоції та зміну сюжету","Зручність розглядати малюнки на весь розворот (без заломів та з'їдання картинки в центрі);Якісна тверда палітурка, яка тримає форму та захищає сторінки","Стікерпак/наліпки;Закладки","Бажаю гарної дипломної роботи! Успіхів 🤍"
"2026/08/23 1:19:39 PM GMT+3","18–24 років","Технічна та природнича (IT, інженерія, наука, фінанси, логістика)","Інколи купую під настрій","Рівнозначно і візуал, і текст (історія, де вони доповнюють один одного)","Коли є послідовна історія, яка веде читача від початку до розв'язки","Захоплива або зворушлива історія (цікавий сюжет, персонажі);Тактильні відчуття (приємно тримати в руках, відчувати фактуру паперу тощо)","Емоційно відпочити та перемкнути увагу","Живописна графіка (м'які світлотіні, плавні переходи кольору, мальовничі градієнти);Колажна графіка (мікс різних текстур, фотографій, паперових елементів);Експериментальна графіка (нестандартна, модерна графіка, яка не є масовою, але одразу запам'ятовується)","Насичена, яскрава","Негативно — віддаю перевагу єдиній кольоровій гамі протягом усієї книги","Зручність розглядати малюнки на весь розворот (без заломів та з'їдання картинки в центрі);Якісна тверда палітурка, яка тримає форму та захищає сторінки;Великий формат, де добре видно всі деталі","Стікерпак/наліпки",""
"2026/08/23 1:23:56 PM GMT+3","18–24 років","Технічна та природнича (IT, інженерія, наука, фінанси, логістика)","Не купую, але мені це цікаво","Рівнозначно і візуал, і текст (історія, де вони доповнюють один одного)","Коли є послідовна історія, яка веде читача від початку до розв'язки","Виразний авторський стиль (який виділяється і запам'ятовується);Тактильні відчуття (приємно тримати в руках, відчувати фактуру паперу тощо);Глибина та приховані сенси (коли малюнки викликають філософські думки й мають підтекст, який прямо не прописується)","Отримати естетичне задоволення та натхнення;Для власної колекції або на подарунок","Деталізована лінійна графіка (тонкі лінії, штрихування, багато дрібних елементів, які хочеться розглядати);Колажна графіка (мікс різних текстур, фотографій, паперових елементів);Експериментальна графіка (нестандартна, модерна графіка, яка не є масовою, але одразу запам'ятовується)","Насичена, яскрава","Позитивно — це сильний художній прийом, який підсилює емоції та зміну сюжету","Зручність розглядати малюнки на весь розворот (без заломів та з'їдання картинки в центрі);Якісна тверда палітурка, яка тримає форму та захищає сторінки;Цупкий матовий папір без зайвих відблисків","Арт-картки/листівки;Стікерпак/наліпки;Закладки;Металевий пін/значок",""
"2026/08/23 1:25:50 PM GMT+3","До 18 років","Гуманітарна та суспільна (маркетинг, освіта, філологія, психологія, менеджмент)","Інколи купую під настрій","Переважно текст (головне — велика розповідь, а ілюстрації не обов'язкові або другорядні)","Коли короткий текст або окремі фрази задають напрямок думки, але залишають простір для власних висновків","Виразний авторський стиль (який виділяється і запам'ятовується);Загальна атмосфера і настрій (затишок, таємничість або спокій);Тактильні відчуття (приємно тримати в руках, відчувати фактуру паперу тощо);Глибина та приховані сенси (коли малюнки викликають філософські думки й мають підтекст, який прямо не прописується)","Відпочити від екрану та інформаційного шуму;Отримати естетичне задоволення та натхнення;Для власної колекції або на подарунок","Живописна графіка (м'які світлотіні, плавні переходи кольору, мальовничі градієнти);Колажна графіка (мікс різних текстур, фотографій, паперових елементів);Експериментальна графіка (нестандартна, модерна графіка, яка не є масовою, але одразу запам'ятовується)","Не має значення, головне — загальна ідея","Нейтрально — якщо це виправдано ідеєю та атмосферою історії","Якісна тверда палітурка, яка тримає форму та захищає сторінки;Наявність захисної суперобкладинки;Цупкий матовий папір без зайвих відблисків","Арт-картки/листівки;Стікерпак/наліпки;Закладки;Металевий пін/значок",""
"2026/08/23 1:31:23 PM GMT+3","До 18 років","Гуманітарна та суспільна (маркетинг, освіта, філологія, психологія, менеджмент)","Інколи купую під настрій","Рівнозначно і візуал, і текст (історія, де вони доповнюють один одного)","Коли сенс розкривається повністю візуально через метафори (без підказок)","Виразний авторський стиль (який виділяється і запам'ятовується);Захоплива або зворушлива історія (цікавий сюжет, персонажі);Загальна атмосфера і настрій (затишок, таємничість або спокій);Тактильні відчуття (приємно тримати в руках, відчувати фактуру паперу тощо);Глибина та приховані сенси (коли малюнки викликають філософські думки й мають підтекст, який прямо не прописується)","Емоційно відпочити та перемкнути увагу;Відпочити від екрану та інформаційного шуму","Деталізована лінійна графіка (тонкі лінії, штрихування, багато дрібних елементів, які хочеться розглядати);Експериментальна графіка (нестандартна, модерна графіка, яка не є масовою, але одразу запам'ятовується)","Чорно-біла / монохромна","Позитивно — це сильний художній прийом, який підсилює емоції та зміну сюжету","Зручність розглядати малюнки на весь розворот (без заломів та з'їдання картинки в центрі);Цупкий матовий папір без зайвих відблисків","Стікерпак/наліпки","Рада допомогти!!🩷🪷 Улюблений мем зараз: https://pin.it/6dczUw4s2"
"2026/08/23 1:50:45 PM GMT+3","18–24 років","Гуманітарна та суспільна (маркетинг, освіта, філологія, психологія, менеджмент)","Інколи купую під настрій","Рівнозначно і візуал, і текст (історія, де вони доповнюють один одного)","Коли короткий текст або окремі фрази задають напрямок думки, але залишають простір для власних висновків","Виразний авторський стиль (який виділяється і запам'ятовується);Захоплива або зворушлива історія (цікавий сюжет, персонажі);Загальна атмосфера і настрій (затишок, таємничість або спокій)","Емоційно відпочити та перемкнути увагу;Отримати естетичне задоволення та натхнення","Деталізована лінійна графіка (тонкі лінії, штрихування, багато дрібних елементів, які хочеться розглядати);Живописна графіка (м'які світлотіні, плавні переходи кольору, мальовничі градієнти)","Чорно-біла / монохромна","Нейтрально — якщо це виправдано ідеєю та атмосферою історії","Зручність розглядати малюнки на весь розворот (без заломів та з'їдання картинки в центрі);Якісна тверда палітурка, яка тримає форму та захищає сторінки","Арт-картки/листівки;Стікерпак/наліпки",""
"2026/08/23 1:57:18 PM GMT+3","18–24 років","Технічна та природнича (IT, інженерія, наука, фінанси, логістика)","Не купую, але мені це цікаво","Рівнозначно і візуал, і текст (історія, де вони доповнюють один одного)","Коли є послідовна історія, яка веде читача від початку до розв'язки","Захоплива або зворушлива історія (цікавий сюжет, персонажі);Глибина та приховані сенси (коли малюнки викликають філософські думки й мають підтекст, який прямо не прописується)","Отримати естетичне задоволення та натхнення","Деталізована лінійна графіка (тонкі лінії, штрихування, багато дрібних елементів, які хочеться розглядати)","Не має значення, головне — загальна ідея","Позитивно — це сильний художній прийом, який підсилює емоції та зміну сюжету","Якісна тверда палітурка, яка тримає форму та захищає сторінки;Цупкий матовий папір без зайвих відблисків","Арт-картки/листівки;Стікерпак/наліпки;Закладки;Металевий пін/значок;Достатньо лише самої книги, без додаткових елементів","https://pin.it/2WTyXvxyF |  https://pin.it/1akcQZaW1"
"2026/08/23 2:01:26 PM GMT+3","18–24 років","Гуманітарна та суспільна (маркетинг, освіта, філологія, психологія, менеджмент)","Не купую, але мені це цікаво","Рівнозначно і візуал, і текст (історія, де вони доповнюють один одного)","Коли є послідовна історія, яка веде читача від початку до розв'язки","Виразний авторський стиль (який виділяється і запам'ятовується);Захоплива або зворушлива історія (цікавий сюжет, персонажі);Загальна атмосфера і настрій (затишок, таємничість або спокій);Тактильні відчуття (приємно тримати в руках, відчувати фактуру паперу тощо)","Отримати естетичне задоволення та натхнення;Для власної колекції або на подарунок","Деталізована лінійна графіка (тонкі лінії, штрихування, багато дрібних елементів, які хочеться розглядати);Мінімалістична графіка (прості форми, чисті заливки, чіткі контури);Живописна графіка (м'які світлотіні, плавні переходи кольору, мальовничі градієнти);Експериментальна графіка (нестандартна, модерна графіка, яка не є масовою, але одразу запам'ятовується)","Не має значення, головне — загальна ідея","Нейтрально — якщо це виправдано ідеєю та атмосферою історії","Зручність розглядати малюнки на весь розворот (без заломів та з'їдання картинки в центрі);Якісна тверда палітурка, яка тримає форму та захищає сторінки;Великий формат, де добре видно всі деталі;Цупкий матовий папір без зайвих відблисків","Стікерпак/наліпки;Закладки;Металевий пін/значок",""
"2026/08/23 2:16:24 PM GMT+3","18–24 років","Гуманітарна та суспільна (маркетинг, освіта, філологія, психологія, менеджмент)","Не купую, але мені це цікаво","Рівнозначно і візуал, і текст (історія, де вони доповнюють один одного)","Коли короткий текст або окремі фрази задають напрямок думки, але залишають простір для власних висновків","Виразний авторський стиль (який виділяється і запам'ятовується);Захоплива або зворушлива історія (цікавий сюжет, персонажі);Загальна атмосфера і настрій (затишок, таємничість або спокій);Тактильні відчуття (приємно тримати в руках, відчувати фактуру паперу тощо);Глибина та приховані сенси (коли малюнки викликають філософські думки й мають підтекст, який прямо не прописується)","Емоційно відпочити та перемкнути увагу;Відпочити від екрану та інформаційного шуму;Отримати естетичне задоволення та натхнення;Для власної колекції або на подарунок","Деталізована лінійна графіка (тонкі лінії, штрихування, багато дрібних елементів, які хочеться розглядати);Живописна графіка (м'які світлотіні, плавні переходи кольору, мальовничі градієнти)","Не має значення, головне — загальна ідея","Нейтрально — якщо це виправдано ідеєю та атмосферою історії","Зручність розглядати малюнки на весь розворот (без заломів та з'їдання картинки в центрі);Якісна тверда палітурка, яка тримає форму та захищає сторінки;Наявність захисної суперобкладинки","Арт-картки/листівки;Стікерпак/наліпки;Закладки;Металевий пін/значок","Поки що це найцікавіше опитування, яке я коли-небудь проходила. Аж знову закортіло засісти безперервно читати :)"
"2026/08/23 2:27:39 PM GMT+3","18–24 років","Гуманітарна та суспільна (маркетинг, освіта, філологія, психологія, менеджмент)","Не купую, але мені це цікаво","Рівнозначно і візуал, і текст (історія, де вони доповнюють один одного)","Коли короткий текст або окремі фрази задають напрямок думки, але залишають простір для власних висновків","Виразний авторський стиль (який виділяється і запам'ятовується);Захоплива або зворушлива історія (цікавий сюжет, персонажі);Тактильні відчуття (приємно тримати в руках, відчувати фактуру паперу тощо)","Емоційно відпочити та перемкнути увагу","Деталізована лінійна графіка (тонкі лінії, штрихування, багато дрібних елементів, які хочеться розглядати);Живописна графіка (м'які світлотіні, плавні переходи кольору, мальовничі градієнти);Колажна графіка (мікс різних текстур, фотографій, паперових елементів);Експериментальна графіка (нестандартна, модерна графіка, яка не є масовою, але одразу запам'ятовується)","Насичена, яскрава","Позитивно — це сильний художній прийом, який підсилює емоції та зміну сюжету","Зручність розглядати малюнки на весь розворот (без заломів та з'їдання картинки в центрі);Якісна тверда палітурка, яка тримає форму та захищає сторінки;Наявність захисної суперобкладинки;Великий формат, де добре видно всі деталі","Арт-картки/листівки;Стікерпак/наліпки;Закладки",""
"2026/08/23 2:39:53 PM GMT+3","18–24 років","Гуманітарна та суспільна (маркетинг, освіта, філологія, психологія, менеджмент)","Інколи купую під настрій","Рівнозначно і візуал, і текст (історія, де вони доповнюють один одного)","Коли сенс розкривається повністю візуально через метафори (без підказок)","Виразний авторський стиль (який виділяється і запам'ятовується);Тактильні відчуття (приємно тримати в руках, відчувати фактуру паперу тощо)","Емоційно відпочити та перемкнути увагу;Отримати естетичне задоволення та натхнення","Деталізована лінійна графіка (тонкі лінії, штрихування, багато дрібних елементів, які хочеться розглядати);Живописна графіка (м'які світлотіні, плавні переходи кольору, мальовничі градієнти);Експериментальна графіка (нестандартна, модерна графіка, яка не є масовою, але одразу запам'ятовується)","Насичена, яскрава","Позитивно — це сильний художній прийом, який підсилює емоції та зміну сюжету","Зручність розглядати малюнки на весь розворот (без заломів та з'їдання картинки в центрі);Наявність захисної суперобкладинки;Цупкий матовий папір без зайвих відблисків","Закладки;Достатньо лише самої книги, без додаткових елементів",""
"2026/08/23 2:47:10 PM GMT+3","18–24 років","Технічна та природнича (IT, інженерія, наука, фінанси, логістика)","Так, купую регулярно","Переважно візуал (історія розповідається чисто картинками, без слів або майже без них)","Коли сенс розкривається повністю візуально через метафори (без підказок)","Виразний авторський стиль (який виділяється і запам'ятовується);Загальна атмосфера і настрій (затишок, таємничість або спокій)","Емоційно відпочити та перемкнути увагу;Отримати естетичне задоволення та натхнення","Деталізована лінійна графіка (тонкі лінії, штрихування, багато дрібних елементів, які хочеться розглядати);Живописна графіка (м'які світлотіні, плавні переходи кольору, мальовничі градієнти)","Темна, дещо похмура","Нейтрально — якщо це виправдано ідеєю та атмосферою історії","Зручність розглядати малюнки на весь розворот (без заломів та з'їдання картинки в центрі);Великий формат, де добре видно всі деталі","Арт-картки/листівки;Стікерпак/наліпки;Закладки","https://tenor.com/ru/view/gachi-gachi-muchi-gym-gif-26208724"
"2026/08/23 2:51:25 PM GMT+3","До 18 років","Технічна та природнича (IT, інженерія, наука, фінанси, логістика)","Ні, мені це нецікаво","Переважно візуал (історія розповідається чисто картинками, без слів або майже без них)","Коли сенс розкривається повністю візуально через метафори (без підказок)","Виразний авторський стиль (який виділяється і запам'ятовується);Загальна атмосфера і настрій (затишок, таємничість або спокій)","Для власної колекції або на подарунок","Мінімалістична графіка (прості форми, чисті заливки, чіткі контури)","Насичена, яскрава","Негативно — віддаю перевагу єдиній кольоровій гамі протягом усієї книги","Зручність розглядати малюнки на весь розворот (без заломів та з'їдання картинки в центрі);Великий формат, де добре видно всі деталі","Арт-картки/листівки;Стікерпак/наліпки;Закладки;Металевий пін/значок","https://vt.tiktok.com/ZSVun4myK/"
"2026/08/23 2:59:33 PM GMT+3","35+ років","Гуманітарна та суспільна (маркетинг, освіта, філологія, психологія, менеджмент)","Не купую, але мені це цікаво","Рівнозначно і візуал, і текст (історія, де вони доповнюють один одного)","Коли короткий текст або окремі фрази задають напрямок думки, але залишають простір для власних висновків","Виразний авторський стиль (який виділяється і запам'ятовується);Захоплива або зворушлива історія (цікавий сюжет, персонажі);Тактильні відчуття (приємно тримати в руках, відчувати фактуру паперу тощо);Глибина та приховані сенси (коли малюнки викликають філософські думки й мають підтекст, який прямо не прописується)","Отримати естетичне задоволення та натхнення","Мінімалістична графіка (прості форми, чисті заливки, чіткі контури);Експериментальна графіка (нестандартна, модерна графіка, яка не є масовою, але одразу запам'ятовується)","Не має значення, головне — загальна ідея","Позитивно — це сильний художній прийом, який підсилює емоції та зміну сюжету","Зручність розглядати малюнки на весь розворот (без заломів та з'їдання картинки в центрі);Якісна тверда палітурка, яка тримає форму та захищає сторінки;Великий формат, де добре видно всі деталі","Достатньо лише самої книги, без додаткових елементів","Бажаю успіхів!"
"2026/08/23 3:02:57 PM GMT+3","25–34 роки","Творча та мистецька (дизайн, ілюстрація, театр/акторство, медіа, музика)","Інколи купую під настрій","Рівнозначно і візуал, і текст (історія, де вони доповнюють один одного)","Коли короткий текст або окремі фрази задають напрямок думки, але залишають простір для власних висновків","Виразний авторський стиль (який виділяється і запам'ятовується);Захоплива або зворушлива історія (цікавий сюжет, персонажі);Загальна атмосфера і настрій (затишок, таємничість або спокій);Тактильні відчуття (приємно тримати в руках, відчувати фактуру паперу тощо);Глибина та приховані сенси (коли малюнки викликають філософські думки й мають підтекст, який прямо не прописується)","Отримати естетичне задоволення та натхнення;Для власної колекції або на подарунок","Живописна графіка (м'які світлотіні, плавні переходи кольору, мальовничі градієнти);Колажна графіка (мікс різних текстур, фотографій, паперових елементів);Експериментальна графіка (нестандартна, модерна графіка, яка не є масовою, але одразу запам'ятовується)","Не має значення, головне — загальна ідея","Нейтрально — якщо це виправдано ідеєю та атмосферою історії","Зручність розглядати малюнки на весь розворот (без заломів та з'їдання картинки в центрі);Великий формат, де добре видно всі деталі;Цупкий матовий папір без зайвих відблисків","Арт-картки/листівки;Стікерпак/наліпки;Закладки;Металевий пін/значок","💜✨️"
"2026/08/23 3:10:06 PM GMT+3","35+ років","Творча та мистецька (дизайн, ілюстрація, театр/акторство, медіа, музика)","Так, купую регулярно","Рівнозначно і візуал, і текст (історія, де вони доповнюють один одного)","Коли короткий текст або окремі фрази задають напрямок думки, але залишають простір для власних висновків","Виразний авторський стиль (який виділяється і запам'ятовується);Захоплива або зворушлива історія (цікавий сюжет, персонажі);Загальна атмосфера і настрій (затишок, таємничість або спокій);Тактильні відчуття (приємно тримати в руках, відчувати фактуру паперу тощо);Глибина та приховані сенси (коли малюнки викликають філософські думки й мають підтекст, який прямо не прописується)","Емоційно відпочити та перемкнути увагу;Отримати естетичне задоволення та натхнення;Для власної колекції або на подарунок","Деталізована лінійна графіка (тонкі лінії, штрихування, багато дрібних елементів, які хочеться розглядати);Мінімалістична графіка (прості форми, чисті заливки, чіткі контури);Живописна графіка (м'які світлотіні, плавні переходи кольору, мальовничі градієнти);Колажна графіка (мікс різних текстур, фотографій, паперових елементів);Експериментальна графіка (нестандартна, модерна графіка, яка не є масовою, але одразу запам'ятовується)","Не має значення, головне — загальна ідея","Позитивно — це сильний художній прийом, який підсилює емоції та зміну сюжету","Зручність розглядати малюнки на весь розворот (без заломів та з'їдання картинки в центрі);Якісна тверда палітурка, яка тримає форму та захищає сторінки;Наявність захисної суперобкладинки;Великий формат, де добре видно всі деталі;Цупкий матовий папір без зайвих відблисків","Арт-картки/листівки;Стікерпак/наліпки;Закладки;Металевий пін/значок","https://drive.google.com/file/d/19B00RON6LRFnqDcymnW7NAD0x71l4rCi/view?usp=drive_link"
"2026/08/23 3:11:54 PM GMT+3","18–24 років","Творча та мистецька (дизайн, ілюстрація, театр/акторство, медіа, музика)","Не купую, але мені це цікаво","Рівнозначно і візуал, і текст (історія, де вони доповнюють один одного)","Коли є послідовна історія, яка веде читача від початку до розв'язки","Виразний авторський стиль (який виділяється і запам'ятовується);Захоплива або зворушлива історія (цікавий сюжет, персонажі);Тактильні відчуття (приємно тримати в руках, відчувати фактуру паперу тощо)","Емоційно відпочити та перемкнути увагу;Відпочити від екрану та інформаційного шуму;Отримати естетичне задоволення та натхнення;Для власної колекції або на подарунок","Живописна графіка (м'які світлотіні, плавні переходи кольору, мальовничі градієнти);Колажна графіка (мікс різних текстур, фотографій, паперових елементів);Експериментальна графіка (нестандартна, модерна графіка, яка не є масовою, але одразу запам'ятовується)","Насичена, яскрава","Нейтрально — якщо це виправдано ідеєю та атмосферою історії","Зручність розглядати малюнки на весь розворот (без заломів та з'їдання картинки в центрі);Якісна тверда палітурка, яка тримає форму та захищає сторінки","Арт-картки/листівки;Закладки;Металевий пін/значок","Успіхів та натхнення під час розробки🥰"
"2026/08/23 3:13:33 PM GMT+3","18–24 років","Гуманітарна та суспільна (маркетинг, освіта, філологія, психологія, менеджмент)","Не купую, але мені це цікаво","Рівнозначно і візуал, і текст (історія, де вони доповнюють один одного)","Коли короткий текст або окремі фрази задають напрямок думки, але залишають простір для власних висновків","Захоплива або зворушлива історія (цікавий сюжет, персонажі);Загальна атмосфера і настрій (затишок, таємничість або спокій);Глибина та приховані сенси (коли малюнки викликають філософські думки й мають підтекст, який прямо не прописується)","Емоційно відпочити та перемкнути увагу;Відпочити від екрану та інформаційного шуму","Живописна графіка (м'які світлотіні, плавні переходи кольору, мальовничі градієнти);Колажна графіка (мікс різних текстур, фотографій, паперових елементів);Експериментальна графіка (нестандартна, модерна графіка, яка не є масовою, але одразу запам'ятовується)","Не має значення, головне — загальна ідея","Позитивно — це сильний художній прийом, який підсилює емоції та зміну сюжету","Зручність розглядати малюнки на весь розворот (без заломів та з'їдання картинки в центрі);Великий формат, де добре видно всі деталі","Арт-картки/листівки;Стікерпак/наліпки;Закладки;Металевий пін/значок",""
"2026/08/23 3:26:57 PM GMT+3","25–34 роки","Творча та мистецька (дизайн, ілюстрація, театр/акторство, медіа, музика)","Інколи купую під настрій","Переважно візуал (історія розповідається чисто картинками, без слів або майже без них)","Коли короткий текст або окремі фрази задають напрямок думки, але залишають простір для власних висновків","Виразний авторський стиль (який виділяється і запам'ятовується);Тактильні відчуття (приємно тримати в руках, відчувати фактуру паперу тощо);Глибина та приховані сенси (коли малюнки викликають філософські думки й мають підтекст, який прямо не прописується)","Емоційно відпочити та перемкнути увагу;Відпочити від екрану та інформаційного шуму;Отримати естетичне задоволення та натхнення","Живописна графіка (м'які світлотіні, плавні переходи кольору, мальовничі градієнти)","Насичена, яскрава","Позитивно — це сильний художній прийом, який підсилює емоції та зміну сюжету","Зручність розглядати малюнки на весь розворот (без заломів та з'їдання картинки в центрі);Якісна тверда палітурка, яка тримає форму та захищає сторінки;Великий формат, де добре видно всі деталі;Цупкий матовий папір без зайвих відблисків","Стікерпак/наліпки;Металевий пін/значок","Бажаю успіхів та натхнення в дизайні ілюстрованого видання! обов'язково все вийде!🤗💪🏻✨"
"2026/08/23 3:42:07 PM GMT+3","18–24 років","Творча та мистецька (дизайн, ілюстрація, театр/акторство, медіа, музика)","Інколи купую під настрій","Переважно візуал (історія розповідається чисто картинками, без слів або майже без них)","Коли сенс розкривається повністю візуально через метафори (без підказок)","Виразний авторський стиль (який виділяється і запам'ятовується);Загальна атмосфера і настрій (затишок, таємничість або спокій);Тактильні відчуття (приємно тримати в руках, відчувати фактуру паперу тощо)","Отримати естетичне задоволення та натхнення;Для власної колекції або на подарунок","Деталізована лінійна графіка (тонкі лінії, штрихування, багато дрібних елементів, які хочеться розглядати);Мінімалістична графіка (прості форми, чисті заливки, чіткі контури);Колажна графіка (мікс різних текстур, фотографій, паперових елементів)","Не має значення, головне — загальна ідея","Позитивно — це сильний художній прийом, який підсилює емоції та зміну сюжету","Зручність розглядати малюнки на весь розворот (без заломів та з'їдання картинки в центрі)","Арт-картки/листівки;Стікерпак/наліпки;Металевий пін/значок","."
"2026/08/23 3:58:02 PM GMT+3","35+ років","Творча та мистецька (дизайн, ілюстрація, театр/акторство, медіа, музика)","Інколи купую під настрій","Рівнозначно і візуал, і текст (історія, де вони доповнюють один одного)","Коли є послідовна історія, яка веде читача від початку до розв'язки","Виразний авторський стиль (який виділяється і запам'ятовується);Захоплива або зворушлива історія (цікавий сюжет, персонажі)","Емоційно відпочити та перемкнути увагу;Отримати естетичне задоволення та натхнення","Експериментальна графіка (нестандартна, модерна графіка, яка не є масовою, але одразу запам'ятовується)","Не має значення, головне — загальна ідея","Нейтрально — якщо це виправдано ідеєю та атмосферою історії","Якісна тверда палітурка, яка тримає форму та захищає сторінки;Цупкий матовий папір без зайвих відблисків","Достатньо лише самої книги, без додаткових елементів",""
"2026/08/23 4:11:17 PM GMT+3","До 18 років","Творча та мистецька (дизайн, ілюстрація, театр/акторство, медіа, музика)","Не купую, але мені це цікаво","Рівнозначно і візуал, і текст (історія, де вони доповнюють один одного)","Коли короткий текст або окремі фрази задають напрямок думки, але залишають простір для власних висновків","Виразний авторський стиль (який виділяється і запам'ятовується);Загальна атмосфера і настрій (затишок, таємничість або спокій);Глибина та приховані сенси (коли малюнки викликають філософські думки й мають підтекст, який прямо не прописується)","Отримати естетичне задоволення та натхнення;Для власної колекції або на подарунок","Живописна графіка (м'які світлотіні, плавні переходи кольору, мальовничі градієнти);Колажна графіка (мікс різних текстур, фотографій, паперових елементів);Експериментальна графіка (нестандартна, модерна графіка, яка не є масовою, але одразу запам'ятовується)","Насичена, яскрава","Нейтрально — якщо це виправдано ідеєю та атмосферою історії","Зручність розглядати малюнки на весь розворот (без заломів та з'їдання картинки в центрі);Якісна тверда палітурка, яка тримає форму та захищає сторінки;Великий формат, де добре видно всі деталі","Арт-картки/листівки;Стікерпак/наліпки",""
"2026/08/23 5:57:16 PM GMT+3","25–34 роки","Технічна та природнича (IT, інженерія, наука, фінанси, логістика)","Не купую, але мені це цікаво","Переважно текст (головне — велика розповідь, а ілюстрації не обов'язкові або другорядні)","Коли сенс розкривається повністю візуально через метафори (без підказок)","Виразний авторський стиль (який виділяється і запам'ятовується);Захоплива або зворушлива історія (цікавий сюжет, персонажі)","Емоційно відпочити та перемкнути увагу;Відпочити від екрану та інформаційного шуму;Отримати естетичне задоволення та натхнення","Деталізована лінійна графіка (тонкі лінії, штрихування, багато дрібних елементів, які хочеться розглядати);Живописна графіка (м'які світлотіні, плавні переходи кольору, мальовничі градієнти);Колажна графіка (мікс різних текстур, фотографій, паперових елементів)","Темна, дещо похмура","Позитивно — це сильний художній прийом, який підсилює емоції та зміну сюжету","Зручність розглядати малюнки на весь розворот (без заломів та з'їдання картинки в центрі);Якісна тверда палітурка, яка тримає форму та захищає сторінки;Наявність захисної суперобкладинки;Великий формат, де добре видно всі деталі;Цупкий матовий папір без зайвих відблисків","Арт-картки/листівки;Стікерпак/наліпки;Закладки;Металевий пін/значок",""
"2026/08/23 6:51:26 PM GMT+3","25–34 роки","Творча та мистецька (дизайн, ілюстрація, театр/акторство, медіа, музика)","Інколи купую під настрій","Переважно візуал (історія розповідається чисто картинками, без слів або майже без них)","Коли є послідовна історія, яка веде читача від початку до розв'язки","Виразний авторський стиль (який виділяється і запам'ятовується);Глибина та приховані сенси (коли малюнки викликають філософські думки й мають підтекст, який прямо не прописується)","Отримати естетичне задоволення та натхнення;Для власної колекції або на подарунок","Деталізована лінійна графіка (тонкі лінії, штрихування, багато дрібних елементів, які хочеться розглядати);Колажна графіка (мікс різних текстур, фотографій, паперових елементів)","Не має значення, головне — загальна ідея","Нейтрально — якщо це виправдано ідеєю та атмосферою історії","Зручність розглядати малюнки на весь розворот (без заломів та з'їдання картинки в центрі)","Закладки",""
"2026/08/23 9:39:55 PM GMT+3","18–24 років","Творча та мистецька (дизайн, ілюстрація, театр/акторство, медіа, музика)","Не купую, але мені це цікаво","Рівнозначно і візуал, і текст (історія, де вони доповнюють один одного)","Коли короткий текст або окремі фрази задають напрямок думки, але залишають простір для власних висновків","Виразний авторський стиль (який виділяється і запам'ятовується);Захоплива або зворушлива історія (цікавий сюжет, персонажі);Загальна атмосфера і настрій (затишок, таємничість або спокій)","Отримати естетичне задоволення та натхнення","Деталізована лінійна графіка (тонкі лінії, штрихування, багато дрібних елементів, які хочеться розглядати);Мінімалістична графіка (прості форми, чисті заливки, чіткі контури);Живописна графіка (м'які світлотіні, плавні переходи кольору, мальовничі градієнти)","Пастельна, стримана","Позитивно — це сильний художній прийом, який підсилює емоції та зміну сюжету","Зручність розглядати малюнки на весь розворот (без заломів та з'їдання картинки в центрі);Великий формат, де добре видно всі деталі;Цупкий матовий папір без зайвих відблисків","Металевий пін/значок","https://i.pinimg.com/736x/d4/fc/31/d4fc31769edb7a4e86c05277dff6978f.jpg"
"2026/08/24 12:58:10 AM GMT+3","18–24 років","Гуманітарна та суспільна (маркетинг, освіта, філологія, психологія, менеджмент)","Так, купую регулярно","Рівнозначно і візуал, і текст (історія, де вони доповнюють один одного)","Коли є послідовна історія, яка веде читача від початку до розв'язки","Виразний авторський стиль (який виділяється і запам'ятовується);Захоплива або зворушлива історія (цікавий сюжет, персонажі);Загальна атмосфера і настрій (затишок, таємничість або спокій);Глибина та приховані сенси (коли малюнки викликають філософські думки й мають підтекст, який прямо не прописується)","Емоційно відпочити та перемкнути увагу;Відпочити від екрану та інформаційного шуму","Живописна графіка (м'які світлотіні, плавні переходи кольору, мальовничі градієнти);Експериментальна графіка (нестандартна, модерна графіка, яка не є масовою, але одразу запам'ятовується)","Не має значення, головне — загальна ідея","Позитивно — це сильний художній прийом, який підсилює емоції та зміну сюжету","Зручність розглядати малюнки на весь розворот (без заломів та з'їдання картинки в центрі);Великий формат, де добре видно всі деталі;Цупкий матовий папір без зайвих відблисків","Стікерпак/наліпки;Металевий пін/значок",""
"2026/08/24 1:20:24 PM GMT+3","18–24 років","Гуманітарна та суспільна (маркетинг, освіта, філологія, психологія, менеджмент)","Інколи купую під настрій","Переважно текст (головне — велика розповідь, а ілюстрації не обов'язкові або другорядні)","Коли сенс розкривається повністю візуально через метафори (без підказок)","Виразний авторський стиль (який виділяється і запам'ятовується);Захоплива або зворушлива історія (цікавий сюжет, персонажі);Загальна атмосфера і настрій (затишок, таємничість або спокій);Глибина та приховані сенси (коли малюнки викликають філософські думки й мають підтекст, який прямо не прописується)","Отримати естетичне задоволення та натхнення","Колажна графіка (мікс різних текстур, фотографій, паперових елементів);Експериментальна графіка (нестандартна, модерна графіка, яка не є масовою, але одразу запам'ятовується)","Насичена, яскрава","Позитивно — це сильний художній прийом, який підсилює емоції та зміну сюжету","Зручність розглядати малюнки на весь розворот (без заломів та з'їдання картинки в центрі);Великий формат, де добре видно всі деталі;Цупкий матовий папір без зайвих відблисків","Арт-картки/листівки;Стікерпак/наліпки;Металевий пін/значок","https://pin.it/1IUGpeEaM"
"2026/08/24 1:25:56 PM GMT+3","18–24 років","Інше","Інколи купую під настрій","Рівнозначно і візуал, і текст (історія, де вони доповнюють один одного)","Коли короткий текст або окремі фрази задають напрямок думки, але залишають простір для власних висновків","Виразний авторський стиль (який виділяється і запам'ятовується);Загальна атмосфера і настрій (затишок, таємничість або спокій);Глибина та приховані сенси (коли малюнки викликають філософські думки й мають підтекст, який прямо не прописується)","Емоційно відпочити та перемкнути увагу;Відпочити від екрану та інформаційного шуму;Отримати естетичне задоволення та натхнення;Для власної колекції або на подарунок","Деталізована лінійна графіка (тонкі лінії, штрихування, багато дрібних елементів, які хочеться розглядати);Живописна графіка (м'які світлотіні, плавні переходи кольору, мальовничі градієнти);Колажна графіка (мікс різних текстур, фотографій, паперових елементів);Експериментальна графіка (нестандартна, модерна графіка, яка не є масовою, але одразу запам'ятовується)","Насичена, яскрава","Нейтрально — якщо це виправдано ідеєю та атмосферою історії","Зручність розглядати малюнки на весь розворот (без заломів та з'їдання картинки в центрі);Якісна тверда палітурка, яка тримає форму та захищає сторінки","Достатньо лише самої книги, без додаткових елементів",""
"2026/08/24 5:04:05 PM GMT+3","18–24 років","Творча та мистецька (дизайн, ілюстрація, театр/акторство, медіа, музика)","Не купую, але мені це цікаво","Рівнозначно і візуал, і текст (історія, де вони доповнюють один одного)","Коли сенс розкривається повністю візуально через метафори (без підказок)","Виразний авторський стиль (який виділяється і запам'ятовується);Захоплива або зворушлива історія (цікавий сюжет, персонажі);Загальна атмосфера і настрій (затишок, таємничість або спокій);Тактильні відчуття (приємно тримати в руках, відчувати фактуру паперу тощо);Глибина та приховані сенси (коли малюнки викликають філософські думки й мають підтекст, який прямо не прописується)","Емоційно відпочити та перемкнути увагу;Отримати естетичне задоволення та натхнення","Деталізована лінійна графіка (тонкі лінії, штрихування, багато дрібних елементів, які хочеться розглядати);Живописна графіка (м'які світлотіні, плавні переходи кольору, мальовничі градієнти);Колажна графіка (мікс різних текстур, фотографій, паперових елементів)","Пастельна, стримана","Нейтрально — якщо це виправдано ідеєю та атмосферою історії","Зручність розглядати малюнки на весь розворот (без заломів та з'їдання картинки в центрі);Якісна тверда палітурка, яка тримає форму та захищає сторінки;Наявність захисної суперобкладинки;Великий формат, де добре видно всі деталі;Цупкий матовий папір без зайвих відблисків","Арт-картки/листівки;Стікерпак/наліпки;Закладки;Металевий пін/значок;Достатньо лише самої книги, без додаткових елементів","Удачі в праці 🌼"
"2026/08/24 5:16:11 PM GMT+3","18–24 років","Творча та мистецька (дизайн, ілюстрація, театр/акторство, медіа, музика)","Не купую, але мені це цікаво","Переважно текст (головне — велика розповідь, а ілюстрації не обов'язкові або другорядні)","Коли короткий текст або окремі фрази задають напрямок думки, але залишають простір для власних висновків","Виразний авторський стиль (який виділяється і запам'ятовується);Загальна атмосфера і настрій (затишок, таємничість або спокій);Глибина та приховані сенси (коли малюнки викликають філософські думки й мають підтекст, який прямо не прописується)","Отримати естетичне задоволення та натхнення","Деталізована лінійна графіка (тонкі лінії, штрихування, багато дрібних елементів, які хочеться розглядати)","Насичена, яскрава","Позитивно — це сильний художній прийом, який підсилює емоції та зміну сюжету","Цупкий матовий папір без зайвих відблисків","Стікерпак/наліпки",""
"2026/08/25 12:22:58 PM GMT+3","18–24 років","Творча та мистецька (дизайн, ілюстрація, театр/акторство, медіа, музика)","Ні, мені це нецікаво","Рівнозначно і візуал, і текст (історія, де вони доповнюють один одного)","Коли сенс розкривається повністю візуально через метафори (без підказок)","Виразний авторський стиль (який виділяється і запам'ятовується);Загальна атмосфера і настрій (затишок, таємничість або спокій);Тактильні відчуття (приємно тримати в руках, відчувати фактуру паперу тощо)","Емоційно відпочити та перемкнути увагу;Відпочити від екрану та інформаційного шуму;Отримати естетичне задоволення та натхнення","Деталізована лінійна графіка (тонкі лінії, штрихування, багато дрібних елементів, які хочеться розглядати);Мінімалістична графіка (прості форми, чисті заливки, чіткі контури);Колажна графіка (мікс різних текстур, фотографій, паперових елементів)","Пастельна, стримана","Позитивно — це сильний художній прийом, який підсилює емоції та зміну сюжету","Зручність розглядати малюнки на весь розворот (без заломів та з'їдання картинки в центрі);Наявність захисної суперобкладинки","Арт-картки/листівки;Закладки",""
"2026/08/25 2:11:13 PM GMT+3","18–24 років","Творча та мистецька (дизайн, ілюстрація, театр/акторство, медіа, музика)","Так, купую регулярно","Рівнозначно і візуал, і текст (історія, де вони доповнюють один одного)","Коли є послідовна історія, яка веде читача від початку до розв'язки","Захоплива або зворушлива історія (цікавий сюжет, персонажі);Тактильні відчуття (приємно тримати в руках, відчувати фактуру паперу тощо);Глибина та приховані сенси (коли малюнки викликають філософські думки й мають підтекст, який прямо не прописується);Ще мені подобається на форзаці карти світів 😺","Емоційно відпочити та перемкнути увагу;Відпочити від екрану та інформаційного шуму;Отримати естетичне задоволення та натхнення;Для власної колекції або на подарунок;Щоб пережити та поринути в іншу історію ,всесвіт та познайомитися з персонажами ","Деталізована лінійна графіка (тонкі лінії, штрихування, багато дрібних елементів, які хочеться розглядати);Живописна графіка (м'які світлотіні, плавні переходи кольору, мальовничі градієнти)","Насичена, яскрава","Нейтрально — якщо це виправдано ідеєю та атмосферою історії","Якісна тверда палітурка, яка тримає форму та захищає сторінки;Наявність захисної суперобкладинки;Великий формат, де добре видно всі деталі","Арт-картки/листівки;Стікерпак/наліпки;Закладки;Металевий пін/значок","Каріна це я Аліна з Дизайну ,я читаю багато книжок але інколи не має часу ,дуже сумую ,але мені сподобалось опитування ,я таке люблю 🫶,читаю фентезі ,романи ,детективи"
"2026/08/25 11:07:54 PM GMT+3","18–24 років","Творча та мистецька (дизайн, ілюстрація, театр/акторство, медіа, музика)","Так, купую регулярно","Рівнозначно і візуал, і текст (історія, де вони доповнюють один одного)","Коли короткий текст або окремі фрази задають напрямок думки, але залишають простір для власних висновків","Виразний авторський стиль (який виділяється і запам'ятовується);Захоплива або зворушлива історія (цікавий сюжет, персонажі);Загальна атмосфера і настрій (затишок, таємничість або спокій);Глибина та приховані сенси (коли малюнки викликають філософські думки й мають підтекст, який прямо не прописується)","Емоційно відпочити та перемкнути увагу;Відпочити від екрану та інформаційного шуму","Деталізована лінійна графіка (тонкі лінії, штрихування, багато дрібних елементів, які хочеться розглядати);Живописна графіка (м'які світлотіні, плавні переходи кольору, мальовничі градієнти)","Темна, дещо похмура","Позитивно — це сильний художній прийом, який підсилює емоції та зміну сюжету","Зручність розглядати малюнки на весь розворот (без заломів та з'їдання картинки в центрі);Цупкий матовий папір без зайвих відблисків","Закладки;Металевий пін/значок",""
"2026/08/26 8:45:23 AM GMT+3","35+ років","Технічна та природнича (IT, інженерія, наука, фінанси, логістика)","Не купую, але мені це цікаво","Рівнозначно і візуал, і текст (історія, де вони доповнюють один одного)","Коли є послідовна історія, яка веде читача від початку до розв'язки","Виразний авторський стиль (який виділяється і запам'ятовується);Захоплива або зворушлива історія (цікавий сюжет, персонажі);Загальна атмосфера і настрій (затишок, таємничість або спокій);Тактильні відчуття (приємно тримати в руках, відчувати фактуру паперу тощо);Глибина та приховані сенси (коли малюнки викликають філософські думки й мають підтекст, який прямо не прописується)","Емоційно відпочити та перемкнути увагу;Відпочити від екрану та інформаційного шуму","Деталізована лінійна графіка (тонкі лінії, штрихування, багато дрібних елементів, які хочеться розглядати);Колажна графіка (мікс різних текстур, фотографій, паперових елементів)","Насичена, яскрава","Нейтрально — якщо це виправдано ідеєю та атмосферою історії","Зручність розглядати малюнки на весь розворот (без заломів та з'їдання картинки в центрі);Якісна тверда палітурка, яка тримає форму та захищає сторінки","Арт-картки/листівки;Закладки",""
"2026/08/27 8:38:23 PM GMT+3","18–24 років","Технічна та природнича (IT, інженерія, наука, фінанси, логістика)","Ні, мені це нецікаво","Рівнозначно і візуал, і текст (історія, де вони доповнюють один одного)","Коли є послідовна історія, яка веде читача від початку до розв'язки","Виразний авторський стиль (який виділяється і запам'ятовується);Тактильні відчуття (приємно тримати в руках, відчувати фактуру паперу тощо)","Емоційно відпочити та перемкнути увагу","Мінімалістична графіка (прості форми, чисті заливки, чіткі контури)","Насичена, яскрава","Позитивно — це сильний художній прийом, який підсилює емоції та зміну сюжету","Цупкий матовий папір без зайвих відблисків","Арт-картки/листівки;Стікерпак/наліпки",""
"2026/08/27 8:39:11 PM GMT+3","До 18 років","Інше","Інколи купую під настрій","Рівнозначно і візуал, і текст (історія, де вони доповнюють один одного)","Коли короткий текст або окремі фрази задають напрямок думки, але залишають простір для власних висновків","Загальна атмосфера і настрій (затишок, таємничість або спокій);Глибина та приховані сенси (коли малюнки викликають філософські думки й мають підтекст, який прямо не прописується)","Емоційно відпочити та перемкнути увагу;Для власної колекції або на подарунок","Мінімалістична графіка (прості форми, чисті заливки, чіткі контури);Живописна графіка (м'які світлотіні, плавні переходи кольору, мальовничі градієнти);Колажна графіка (мікс різних текстур, фотографій, паперових елементів)","Пастельна, стримана","Нейтрально — якщо це виправдано ідеєю та атмосферою історії","Зручність розглядати малюнки на весь розворот (без заломів та з'їдання картинки в центрі);Великий формат, де добре видно всі деталі","Достатньо лише самої книги, без додаткових елементів",""
"2026/08/27 8:40:23 PM GMT+3","18–24 років","Технічна та природнича (IT, інженерія, наука, фінанси, логістика)","Так, купую регулярно","Рівнозначно і візуал, і текст (історія, де вони доповнюють один одного)","Коли короткий текст або окремі фрази задають напрямок думки, але залишають простір для власних висновків","Виразний авторський стиль (який виділяється і запам'ятовується);Загальна атмосфера і настрій (затишок, таємничість або спокій);Тактильні відчуття (приємно тримати в руках, відчувати фактуру паперу тощо);Глибина та приховані сенси (коли малюнки викликають філософські думки й мають підтекст, який прямо не прописується)","Навчання","Деталізована лінійна графіка (тонкі лінії, штрихування, багато дрібних елементів, які хочеться розглядати);Колажна графіка (мікс різних текстур, фотографій, паперових елементів)","Темна, дещо похмура","Позитивно — це сильний художній прийом, який підсилює емоції та зміну сюжету","Зручність розглядати малюнки на весь розворот (без заломів та з'їдання картинки в центрі);Якісна тверда палітурка, яка тримає форму та захищає сторінки;Наявність захисної суперобкладинки;Великий формат, де добре видно всі деталі;Цупкий матовий папір без зайвих відблисків","Стікерпак/наліпки;Закладки","Тут була лисиця :3"
"2026/08/27 8:40:40 PM GMT+3","18–24 років","Гуманітарна та суспільна (маркетинг, освіта, філологія, психологія, менеджмент)","Не купую, але мені це цікаво","Рівнозначно і візуал, і текст (історія, де вони доповнюють один одного)","Коли короткий текст або окремі фрази задають напрямок думки, але залишають простір для власних висновків","Виразний авторський стиль (який виділяється і запам'ятовується);Захоплива або зворушлива історія (цікавий сюжет, персонажі);Загальна атмосфера і настрій (затишок, таємничість або спокій);Тактильні відчуття (приємно тримати в руках, відчувати фактуру паперу тощо);Глибина та приховані сенси (коли малюнки викликають філософські думки й мають підтекст, який прямо не прописується)","Емоційно відпочити та перемкнути увагу;Відпочити від екрану та інформаційного шуму;Отримати естетичне задоволення та натхнення;Для власної колекції або на подарунок","Деталізована лінійна графіка (тонкі лінії, штрихування, багато дрібних елементів, які хочеться розглядати);Мінімалістична графіка (прості форми, чисті заливки, чіткі контури);Живописна графіка (м'які світлотіні, плавні переходи кольору, мальовничі градієнти);Колажна графіка (мікс різних текстур, фотографій, паперових елементів);Експериментальна графіка (нестандартна, модерна графіка, яка не є масовою, але одразу запам'ятовується)","Не має значення, головне — загальна ідея","Нейтрально — якщо це виправдано ідеєю та атмосферою історії","Зручність розглядати малюнки на весь розворот (без заломів та з'їдання картинки в центрі);Якісна тверда палітурка, яка тримає форму та захищає сторінки;Наявність захисної суперобкладинки;Великий формат, де добре видно всі деталі;Цупкий матовий папір без зайвих відблисків","Металевий пін/значок",""
"2026/08/27 8:41:21 PM GMT+3","18–24 років","Технічна та природнича (IT, інженерія, наука, фінанси, логістика)","Не купую, але мені це цікаво","Рівнозначно і візуал, і текст (історія, де вони доповнюють один одного)","Коли є послідовна історія, яка веде читача від початку до розв'язки","Захоплива або зворушлива історія (цікавий сюжет, персонажі);Загальна атмосфера і настрій (затишок, таємничість або спокій);Тактильні відчуття (приємно тримати в руках, відчувати фактуру паперу тощо)","Отримати естетичне задоволення та натхнення;Для власної колекції або на подарунок","Деталізована лінійна графіка (тонкі лінії, штрихування, багато дрібних елементів, які хочеться розглядати);Мінімалістична графіка (прості форми, чисті заливки, чіткі контури);Живописна графіка (м'які світлотіні, плавні переходи кольору, мальовничі градієнти);Колажна графіка (мікс різних текстур, фотографій, паперових елементів)","Не має значення, головне — загальна ідея","Нейтрально — якщо це виправдано ідеєю та атмосферою історії","Зручність розглядати малюнки на весь розворот (без заломів та з'їдання картинки в центрі);Якісна тверда палітурка, яка тримає форму та захищає сторінки;Цупкий матовий папір без зайвих відблисків","Арт-картки/листівки;Стікерпак/наліпки;Закладки;Металевий пін/значок","Купую подрузі манги в подарунок на кожен день народження, вона їх обожнює та колекціонує. Ми сідаємо разом та розглядаємо, цікаво. Яскраво, різні фото, малюнки. Сама люблю комікси з улюбленими фільмами або мультфільмами. Особливо в дитинстві були цікаві комікси «Том і Джеррі»."
"2026/08/27 8:49:16 PM GMT+3","18–24 років","Технічна та природнича (IT, інженерія, наука, фінанси, логістика)","Інколи купую під настрій","Переважно текст (головне — велика розповідь, а ілюстрації не обов'язкові або другорядні)","Коли короткий текст або окремі фрази задають напрямок думки, але залишають простір для власних висновків","Глибина та приховані сенси (коли малюнки викликають філософські думки й мають підтекст, який прямо не прописується)","Відпочити від екрану та інформаційного шуму","Деталізована лінійна графіка (тонкі лінії, штрихування, багато дрібних елементів, які хочеться розглядати)","Чорно-біла / монохромна","Нейтрально — якщо це виправдано ідеєю та атмосферою історії","Цупкий матовий папір без зайвих відблисків","Достатньо лише самої книги, без додаткових елементів","«Дякую за таке класне та атмосферне опитування! Відчувалося, ніби проходиш міні-тест на сумісність із ідеальним вечором із книжкою. Бажаю натхнення для реалізації всіх задумів! 🤍»"
"2026/08/27 9:05:08 PM GMT+3","18–24 років","Технічна та природнича (IT, інженерія, наука, фінанси, логістика)","Ні, мені це нецікаво","Переважно текст (головне — велика розповідь, а ілюстрації не обов'язкові або другорядні)","Коли є послідовна історія, яка веде читача від початку до розв'язки","Виразний авторський стиль (який виділяється і запам'ятовується);Захоплива або зворушлива історія (цікавий сюжет, персонажі);Загальна атмосфера і настрій (затишок, таємничість або спокій);Глибина та приховані сенси (коли малюнки викликають філософські думки й мають підтекст, який прямо не прописується)","Емоційно відпочити та перемкнути увагу;Відпочити від екрану та інформаційного шуму","Мінімалістична графіка (прості форми, чисті заливки, чіткі контури)","Чорно-біла / монохромна","Нейтрально — якщо це виправдано ідеєю та атмосферою історії","Зручність розглядати малюнки на весь розворот (без заломів та з'їдання картинки в центрі)","Арт-картки/листівки;Стікерпак/наліпки;Закладки;Металевий пін/значок",""
"2026/08/28 5:31:53 AM GMT+3","18–24 років","Творча та мистецька (дизайн, ілюстрація, театр/акторство, медіа, музика)","Не купую, але мені це цікаво","Рівнозначно і візуал, і текст (історія, де вони доповнюють один одного)","Коли є послідовна історія, яка веде читача від початку до розв'язки","Виразний авторський стиль (який виділяється і запам'ятовується);Захоплива або зворушлива історія (цікавий сюжет, персонажі);Загальна атмосфера і настрій (затишок, таємничість або спокій)","Емоційно відпочити та перемкнути увагу;Отримати естетичне задоволення та натхнення","Деталізована лінійна графіка (тонкі лінії, штрихування, багато дрібних елементів, які хочеться розглядати);Мінімалістична графіка (прості форми, чисті заливки, чіткі контури)","Пастельна, стримана","Позитивно — це сильний художній прийом, який підсилює емоції та зміну сюжету","Зручність розглядати малюнки на весь розворот (без заломів та з'їдання картинки в центрі);Великий формат, де добре видно всі деталі","Арт-картки/листівки;Стікерпак/наліпки",""
"2026/08/28 3:03:56 PM GMT+3","18–24 років","Творча та мистецька (дизайн, ілюстрація, театр/акторство, медіа, музика)","Так, купую регулярно","Переважно візуал (історія розповідається чисто картинками, без слів або майже без них)","Коли короткий текст або окремі фрази задають напрямок думки, але залишають простір для власних висновків","Виразний авторський стиль (який виділяється і запам'ятовується);Захоплива або зворушлива історія (цікавий сюжет, персонажі);Загальна атмосфера і настрій (затишок, таємничість або спокій);Глибина та приховані сенси (коли малюнки викликають філософські думки й мають підтекст, який прямо не прописується)","Емоційно відпочити та перемкнути увагу;Відпочити від екрану та інформаційного шуму;Отримати естетичне задоволення та натхнення;Для власної колекції або на подарунок","Деталізована лінійна графіка (тонкі лінії, штрихування, багато дрібних елементів, які хочеться розглядати);Мінімалістична графіка (прості форми, чисті заливки, чіткі контури);Живописна графіка (м'які світлотіні, плавні переходи кольору, мальовничі градієнти);Колажна графіка (мікс різних текстур, фотографій, паперових елементів);Експериментальна графіка (нестандартна, модерна графіка, яка не є масовою, але одразу запам'ятовується)","Не має значення, головне — загальна ідея","Позитивно — це сильний художній прийом, який підсилює емоції та зміну сюжету","Зручність розглядати малюнки на весь розворот (без заломів та з'їдання картинки в центрі);Великий формат, де добре видно всі деталі","Арт-картки/листівки;Стікерпак/наліпки;Закладки;Металевий пін/значок",""
"2026/08/28 3:45:40 PM GMT+3","18–24 років","Творча та мистецька (дизайн, ілюстрація, театр/акторство, медіа, музика)","Не купую, але мені це цікаво","Рівнозначно і візуал, і текст (історія, де вони доповнюють один одного)","Коли короткий текст або окремі фрази задають напрямок думки, але залишають простір для власних висновків","Виразний авторський стиль (який виділяється і запам'ятовується);Захоплива або зворушлива історія (цікавий сюжет, персонажі);Загальна атмосфера і настрій (затишок, таємничість або спокій);Тактильні відчуття (приємно тримати в руках, відчувати фактуру паперу тощо);Глибина та приховані сенси (коли малюнки викликають філософські думки й мають підтекст, який прямо не прописується)","Отримати естетичне задоволення та натхнення","Деталізована лінійна графіка (тонкі лінії, штрихування, багато дрібних елементів, які хочеться розглядати);Живописна графіка (м'які світлотіні, плавні переходи кольору, мальовничі градієнти)","Насичена, яскрава","Нейтрально — якщо це виправдано ідеєю та атмосферою історії","Зручність розглядати малюнки на весь розворот (без заломів та з'їдання картинки в центрі)","Арт-картки/листівки;Стікерпак/наліпки","Удачі з вашим проектом!(⁠ ⁠◜⁠‿⁠◝⁠ ⁠)⁠♡"
"2026/08/30 7:46:06 PM GMT+3","До 18 років","Творча та мистецька (дизайн, ілюстрація, театр/акторство, медіа, музика)","Не купую, але мені це цікаво","Рівнозначно і візуал, і текст (історія, де вони доповнюють один одного)","Коли сенс розкривається повністю візуально через метафори (без підказок)","Виразний авторський стиль (який виділяється і запам'ятовується);Захоплива або зворушлива історія (цікавий сюжет, персонажі);Загальна атмосфера і настрій (затишок, таємничість або спокій);Тактильні відчуття (приємно тримати в руках, відчувати фактуру паперу тощо);Глибина та приховані сенси (коли малюнки викликають філософські думки й мають підтекст, який прямо не прописується)","Емоційно відпочити та перемкнути увагу;Отримати естетичне задоволення та натхнення","Деталізована лінійна графіка (тонкі лінії, штрихування, багато дрібних елементів, які хочеться розглядати);Живописна графіка (м'які світлотіні, плавні переходи кольору, мальовничі градієнти);Колажна графіка (мікс різних текстур, фотографій, паперових елементів);Експериментальна графіка (нестандартна, модерна графіка, яка не є масовою, але одразу запам'ятовується)","Пастельна, стримана","Нейтрально — якщо це виправдано ідеєю та атмосферою історії","Зручність розглядати малюнки на весь розворот (без заломів та з'їдання картинки в центрі);Якісна тверда палітурка, яка тримає форму та захищає сторінки;Наявність захисної суперобкладинки;Великий формат, де добре видно всі деталі;Цупкий матовий папір без зайвих відблисків","Арт-картки/листівки;Стікерпак/наліпки;Металевий пін/значок","https://www.google.com/search?q=%D0%BD%D0%B5%D1%82+%D1%81%D0%BB%D0%BE%D0%B2+%D1%82%D1%8B+%D1%81%D1%83%D0%BF%D0%B5%D1%80&oq=%D0%BD%D0%B5%D1%82+%D1%81%D0%BB%D0%BE%D0%B2+%D1%82%D1%8B+&gs_lcrp=EgZjaHJvbWUqBwgBEAAYgAQyBggAEEUYOTIHCAEQABiABDIHCAIQABiABDIICAMQABgWGB4yCAgEEAAYFhgeMggIBRAAGBYYHjIICAYQABgWGB4yCggHEAAYgAQYogQyBwgIEAAY7wUyCggJEAAYgAQYogQyCggKEAAYgAQYogTSAQgyNzgyajBqN6gCFLACAfEFJ7cakRgVekHxBSe3GpEYFXpB8QUntxqRGBV6QQ&client=ms-android-samsung-ss&sourceid=chrome-mobile&source=chrome.ob&ie=UTF-8#cobssid=s&sv=CAMSZBoyKhBlLWtMRkRlUnZiMVZnY1NNMg5rTEZEZVJ2YjFWZ2NTTToOMWJ2WnNIUEd2Q0xDN00gBCokCg5TVzJaYmNqR1NCZFIwTRIQZS1rTEZEZVJ2YjFWZ2NTTRgAMAFKBAgBEAIYByDRzeDPCUoIEAIYASACKAE"
"2026/08/30 7:47:08 PM GMT+3","До 18 років","Творча та мистецька (дизайн, ілюстрація, театр/акторство, медіа, музика)","Не купую, але мені це цікаво","Рівнозначно і візуал, і текст (історія, де вони доповнюють один одного)","Коли сенс розкривається повністю візуально через метафори (без підказок)","Виразний авторський стиль (який виділяється і запам'ятовується);Захоплива або зворушлива історія (цікавий сюжет, персонажі);Загальна атмосфера і настрій (затишок, таємничість або спокій);Тактильні відчуття (приємно тримати в руках, відчувати фактуру паперу тощо);Глибина та приховані сенси (коли малюнки викликають філософські думки й мають підтекст, який прямо не прописується)","Емоційно відпочити та перемкнути увагу;Отримати естетичне задоволення та натхнення","Деталізована лінійна графіка (тонкі лінії, штрихування, багато дрібних елементів, які хочеться розглядати);Живописна графіка (м'які світлотіні, плавні переходи кольору, мальовничі градієнти);Колажна графіка (мікс різних текстур, фотографій, паперових елементів)","Не має значення, головне — загальна ідея","Нейтрально — якщо це виправдано ідеєю та атмосферою історії","Зручність розглядати малюнки на весь розворот (без заломів та з'їдання картинки в центрі);Великий формат, де добре видно всі деталі","Арт-картки/листівки;Стікерпак/наліпки","https://vt.tiktok.com/ZSVvP2fCu/"
"2026/09/01 4:13:00 PM GMT+3","До 18 років","Гуманітарна та суспільна (маркетинг, освіта, філологія, психологія, менеджмент)","Інколи купую під настрій","Рівнозначно і візуал, і текст (історія, де вони доповнюють один одного)","Коли короткий текст або окремі фрази задають напрямок думки, але залишають простір для власних висновків","Виразний авторський стиль (який виділяється і запам'ятовується);Захоплива або зворушлива історія (цікавий сюжет, персонажі);Загальна атмосфера і настрій (затишок, таємничість або спокій)","Емоційно відпочити та перемкнути увагу;Отримати естетичне задоволення та натхнення;Для власної колекції або на подарунок","Живописна графіка (м'які світлотіні, плавні переходи кольору, мальовничі градієнти);Експериментальна графіка (нестандартна, модерна графіка, яка не є масовою, але одразу запам'ятовується)","Не має значення, головне — загальна ідея","Нейтрально — якщо це виправдано ідеєю та атмосферою історії","Зручність розглядати малюнки на весь розворот (без заломів та з'їдання картинки в центрі);Якісна тверда палітурка, яка тримає форму та захищає сторінки","Стікерпак/наліпки;Закладки",":33"
"2026/09/01 4:13:08 PM GMT+3","18–24 років","Гуманітарна та суспільна (маркетинг, освіта, філологія, психологія, менеджмент)","Інколи купую під настрій","Рівнозначно і візуал, і текст (історія, де вони доповнюють один одного)","Коли сенс розкривається повністю візуально через метафори (без підказок)","Виразний авторський стиль (який виділяється і запам'ятовується);Загальна атмосфера і настрій (затишок, таємничість або спокій);Тактильні відчуття (приємно тримати в руках, відчувати фактуру паперу тощо)","Отримати естетичне задоволення та натхнення;Для власної колекції або на подарунок","Деталізована лінійна графіка (тонкі лінії, штрихування, багато дрібних елементів, які хочеться розглядати);Живописна графіка (м'які світлотіні, плавні переходи кольору, мальовничі градієнти);Експериментальна графіка (нестандартна, модерна графіка, яка не є масовою, але одразу запам'ятовується)","Насичена, яскрава","Позитивно — це сильний художній прийом, який підсилює емоції та зміну сюжету","Зручність розглядати малюнки на весь розворот (без заломів та з'їдання картинки в центрі);Якісна тверда палітурка, яка тримає форму та захищає сторінки","Закладки",""
"2026/09/01 4:13:25 PM GMT+3","До 18 років","Гуманітарна та суспільна (маркетинг, освіта, філологія, психологія, менеджмент)","Інколи купую під настрій","Рівнозначно і візуал, і текст (історія, де вони доповнюють один одного)","Коли короткий текст або окремі фрази задають напрямок думки, але залишають простір для власних висновків","Захоплива або зворушлива історія (цікавий сюжет, персонажі);Загальна атмосфера і настрій (затишок, таємничість або спокій);Глибина та приховані сенси (коли малюнки викликають філософські думки й мають підтекст, який прямо не прописується)","Емоційно відпочити та перемкнути увагу;Отримати естетичне задоволення та натхнення","Деталізована лінійна графіка (тонкі лінії, штрихування, багато дрібних елементів, які хочеться розглядати);Живописна графіка (м'які світлотіні, плавні переходи кольору, мальовничі градієнти);Експериментальна графіка (нестандартна, модерна графіка, яка не є масовою, але одразу запам'ятовується)","Пастельна, стримана","Позитивно — це сильний художній прийом, який підсилює емоції та зміну сюжету","Зручність розглядати малюнки на весь розворот (без заломів та з'їдання картинки в центрі);Якісна тверда палітурка, яка тримає форму та захищає сторінки","Арт-картки/листівки;Стікерпак/наліпки","🦄🦄🦄"
"2026/09/01 4:13:49 PM GMT+3","До 18 років","Гуманітарна та суспільна (маркетинг, освіта, філологія, психологія, менеджмент)","Інколи купую під настрій","Рівнозначно і візуал, і текст (історія, де вони доповнюють один одного)","Коли короткий текст або окремі фрази задають напрямок думки, але залишають простір для власних висновків","Виразний авторський стиль (який виділяється і запам'ятовується);Захоплива або зворушлива історія (цікавий сюжет, персонажі);Загальна атмосфера і настрій (затишок, таємничість або спокій);Тактильні відчуття (приємно тримати в руках, відчувати фактуру паперу тощо);Глибина та приховані сенси (коли малюнки викликають філософські думки й мають підтекст, який прямо не прописується)","Емоційно відпочити та перемкнути увагу;Отримати естетичне задоволення та натхнення","Деталізована лінійна графіка (тонкі лінії, штрихування, багато дрібних елементів, які хочеться розглядати);Мінімалістична графіка (прості форми, чисті заливки, чіткі контури);Живописна графіка (м'які світлотіні, плавні переходи кольору, мальовничі градієнти);Колажна графіка (мікс різних текстур, фотографій, паперових елементів);Експериментальна графіка (нестандартна, модерна графіка, яка не є масовою, але одразу запам'ятовується)","Не має значення, головне — загальна ідея","Позитивно — це сильний художній прийом, який підсилює емоції та зміну сюжету","Зручність розглядати малюнки на весь розворот (без заломів та з'їдання картинки в центрі)","Арт-картки/листівки;Стікерпак/наліпки",""
"2026/09/01 4:14:42 PM GMT+3","До 18 років","Гуманітарна та суспільна (маркетинг, освіта, філологія, психологія, менеджмент)","Не купую, але мені це цікаво","Рівнозначно і візуал, і текст (історія, де вони доповнюють один одного)","Коли сенс розкривається повністю візуально через метафори (без підказок)","Виразний авторський стиль (який виділяється і запам'ятовується);Захоплива або зворушлива історія (цікавий сюжет, персонажі);Загальна атмосфера і настрій (затишок, таємничість або спокій);Тактильні відчуття (приємно тримати в руках, відчувати фактуру паперу тощо);Глибина та приховані сенси (коли малюнки викликають філософські думки й мають підтекст, який прямо не прописується)","Для власної колекції або на подарунок","Колажна графіка (мікс різних текстур, фотографій, паперових елементів)","Чорно-біла / монохромна","Нейтрально — якщо це виправдано ідеєю та атмосферою історії","Зручність розглядати малюнки на весь розворот (без заломів та з'їдання картинки в центрі);Якісна тверда палітурка, яка тримає форму та захищає сторінки;Наявність захисної суперобкладинки;Великий формат, де добре видно всі деталі;Цупкий матовий папір без зайвих відблисків","Стікерпак/наліпки","я уже красный"
"2026/09/01 4:16:16 PM GMT+3","До 18 років","Гуманітарна та суспільна (маркетинг, освіта, філологія, психологія, менеджмент)","Інколи купую під настрій","Рівнозначно і візуал, і текст (історія, де вони доповнюють один одного)","Коли сенс розкривається повністю візуально через метафори (без підказок)","Виразний авторський стиль (який виділяється і запам'ятовується);Загальна атмосфера і настрій (затишок, таємничість або спокій);Глибина та приховані сенси (коли малюнки викликають філософські думки й мають підтекст, який прямо не прописується)","Емоційно відпочити та перемкнути увагу","Мінімалістична графіка (прості форми, чисті заливки, чіткі контури)","Чорно-біла / монохромна","Позитивно — це сильний художній прийом, який підсилює емоції та зміну сюжету","Зручність розглядати малюнки на весь розворот (без заломів та з'їдання картинки в центрі);Якісна тверда палітурка, яка тримає форму та захищає сторінки;Наявність захисної суперобкладинки","Стікерпак/наліпки;Металевий пін/значок",""
"2026/09/01 4:17:42 PM GMT+3","До 18 років","Гуманітарна та суспільна (маркетинг, освіта, філологія, психологія, менеджмент)","Не купую, але мені це цікаво","Рівнозначно і візуал, і текст (історія, де вони доповнюють один одного)","Коли короткий текст або окремі фрази задають напрямок думки, але залишають простір для власних висновків","Виразний авторський стиль (який виділяється і запам'ятовується);Захоплива або зворушлива історія (цікавий сюжет, персонажі);Загальна атмосфера і настрій (затишок, таємничість або спокій)","Емоційно відпочити та перемкнути увагу","Мінімалістична графіка (прості форми, чисті заливки, чіткі контури);Живописна графіка (м'які світлотіні, плавні переходи кольору, мальовничі градієнти);Експериментальна графіка (нестандартна, модерна графіка, яка не є масовою, але одразу запам'ятовується)","Не має значення, головне — загальна ідея","Нейтрально — якщо це виправдано ідеєю та атмосферою історії","Зручність розглядати малюнки на весь розворот (без заломів та з'їдання картинки в центрі);Якісна тверда палітурка, яка тримає форму та захищає сторінки","Стікерпак/наліпки;Достатньо лише самої книги, без додаткових елементів","https://pin.it/einUIOtCa"
"2026/09/01 4:18:11 PM GMT+3","До 18 років","Гуманітарна та суспільна (маркетинг, освіта, філологія, психологія, менеджмент)","Інколи купую під настрій","Рівнозначно і візуал, і текст (історія, де вони доповнюють один одного)","Коли є послідовна історія, яка веде читача від початку до розв'язки","Виразний авторський стиль (який виділяється і запам'ятовується);Захоплива або зворушлива історія (цікавий сюжет, персонажі);Загальна атмосфера і настрій (затишок, таємничість або спокій);Тактильні відчуття (приємно тримати в руках, відчувати фактуру паперу тощо);Глибина та приховані сенси (коли малюнки викликають філософські думки й мають підтекст, який прямо не прописується)","Емоційно відпочити та перемкнути увагу;Відпочити від екрану та інформаційного шуму;Отримати естетичне задоволення та натхнення","Деталізована лінійна графіка (тонкі лінії, штрихування, багато дрібних елементів, які хочеться розглядати);Колажна графіка (мікс різних текстур, фотографій, паперових елементів)","Не має значення, головне — загальна ідея","Позитивно — це сильний художній прийом, який підсилює емоції та зміну сюжету","Зручність розглядати малюнки на весь розворот (без заломів та з'їдання картинки в центрі);Якісна тверда палітурка, яка тримає форму та захищає сторінки;Наявність захисної суперобкладинки;Великий формат, де добре видно всі деталі;Цупкий матовий папір без зайвих відблисків","Достатньо лише самої книги, без додаткових елементів",""
"2026/09/01 4:18:49 PM GMT+3","18–24 років","Гуманітарна та суспільна (маркетинг, освіта, філологія, психологія, менеджмент)","Ні, мені це нецікаво","Рівнозначно і візуал, і текст (історія, де вони доповнюють один одного)","Коли є послідовна історія, яка веде читача від початку до розв'язки","Виразний авторський стиль (який виділяється і запам'ятовується);Захоплива або зворушлива історія (цікавий сюжет, персонажі);Загальна атмосфера і настрій (затишок, таємничість або спокій);Глибина та приховані сенси (коли малюнки викликають філософські думки й мають підтекст, який прямо не прописується)","Емоційно відпочити та перемкнути увагу;Відпочити від екрану та інформаційного шуму","Колажна графіка (мікс різних текстур, фотографій, паперових елементів);Експериментальна графіка (нестандартна, модерна графіка, яка не є масовою, але одразу запам'ятовується)","Не має значення, головне — загальна ідея","Позитивно — це сильний художній прийом, який підсилює емоції та зміну сюжету","Якісна тверда палітурка, яка тримає форму та захищає сторінки","Арт-картки/листівки;Стікерпак/наліпки",""
"2026/09/01 4:19:14 PM GMT+3","18–24 років","Гуманітарна та суспільна (маркетинг, освіта, філологія, психологія, менеджмент)","Інколи купую під настрій","Рівнозначно і візуал, і текст (історія, де вони доповнюють один одного)","Коли короткий текст або окремі фрази задають напрямок думки, але залишають простір для власних висновків","Захоплива або зворушлива історія (цікавий сюжет, персонажі);Загальна атмосфера і настрій (затишок, таємничість або спокій);Тактильні відчуття (приємно тримати в руках, відчувати фактуру паперу тощо)","Емоційно відпочити та перемкнути увагу;Відпочити від екрану та інформаційного шуму;Отримати естетичне задоволення та натхнення","Деталізована лінійна графіка (тонкі лінії, штрихування, багато дрібних елементів, які хочеться розглядати);Експериментальна графіка (нестандартна, модерна графіка, яка не є масовою, але одразу запам'ятовується)","Не має значення, головне — загальна ідея","Позитивно — це сильний художній прийом, який підсилює емоції та зміну сюжету","Зручність розглядати малюнки на весь розворот (без заломів та з'їдання картинки в центрі);Якісна тверда палітурка, яка тримає форму та захищає сторінки;Цупкий матовий папір без зайвих відблисків","Закладки","желаю вдохновения и удачи в учёбе🫶🏻"
"2026/09/01 4:19:25 PM GMT+3","18–24 років","Гуманітарна та суспільна (маркетинг, освіта, філологія, психологія, менеджмент)","Інколи купую під настрій","Рівнозначно і візуал, і текст (історія, де вони доповнюють один одного)","Коли є послідовна історія, яка веде читача від початку до розв'язки","Виразний авторський стиль (який виділяється і запам'ятовується);Захоплива або зворушлива історія (цікавий сюжет, персонажі);Тактильні відчуття (приємно тримати в руках, відчувати фактуру паперу тощо);Глибина та приховані сенси (коли малюнки викликають філософські думки й мають підтекст, який прямо не прописується)","Відпочити від екрану та інформаційного шуму;Отримати естетичне задоволення та натхнення","Деталізована лінійна графіка (тонкі лінії, штрихування, багато дрібних елементів, які хочеться розглядати);Колажна графіка (мікс різних текстур, фотографій, паперових елементів)","Не має значення, головне — загальна ідея","Негативно — віддаю перевагу єдиній кольоровій гамі протягом усієї книги","Якісна тверда палітурка, яка тримає форму та захищає сторінки;Наявність захисної суперобкладинки","Стікерпак/наліпки;Закладки","Сподіваюся, що моя відповідь допоможе у дослідженні. Бажаю найвищих балів і натхнення! 🤗"
"2026/09/01 4:22:57 PM GMT+3","До 18 років","Гуманітарна та суспільна (маркетинг, освіта, філологія, психологія, менеджмент)","Інколи купую під настрій","Переважно текст (головне — велика розповідь, а ілюстрації не обов'язкові або другорядні)","Коли сенс розкривається повністю візуально через метафори (без підказок)","Захоплива або зворушлива історія (цікавий сюжет, персонажі);Загальна атмосфера і настрій (затишок, таємничість або спокій)","Емоційно відпочити та перемкнути увагу;Отримати естетичне задоволення та натхнення","Деталізована лінійна графіка (тонкі лінії, штрихування, багато дрібних елементів, які хочеться розглядати);Живописна графіка (м'які світлотіні, плавні переходи кольору, мальовничі градієнти);Експериментальна графіка (нестандартна, модерна графіка, яка не є масовою, але одразу запам'ятовується)","Не має значення, головне — загальна ідея","Нейтрально — якщо це виправдано ідеєю та атмосферою історії","Зручність розглядати малюнки на весь розворот (без заломів та з'їдання картинки в центрі);Якісна тверда палітурка, яка тримає форму та захищає сторінки;Великий формат, де добре видно всі деталі","Арт-картки/листівки;Стікерпак/наліпки;Металевий пін/значок",""
"2026/09/01 4:28:42 PM GMT+3","18–24 років","Гуманітарна та суспільна (маркетинг, освіта, філологія, психологія, менеджмент)","Не купую, але мені це цікаво","Рівнозначно і візуал, і текст (історія, де вони доповнюють один одного)","Коли короткий текст або окремі фрази задають напрямок думки, але залишають простір для власних висновків","Захоплива або зворушлива історія (цікавий сюжет, персонажі);Загальна атмосфера і настрій (затишок, таємничість або спокій)","Емоційно відпочити та перемкнути увагу;Відпочити від екрану та інформаційного шуму;Отримати естетичне задоволення та натхнення;Для власної колекції або на подарунок","Деталізована лінійна графіка (тонкі лінії, штрихування, багато дрібних елементів, які хочеться розглядати);Живописна графіка (м'які світлотіні, плавні переходи кольору, мальовничі градієнти)","Пастельна, стримана","Позитивно — це сильний художній прийом, який підсилює емоції та зміну сюжету","Зручність розглядати малюнки на весь розворот (без заломів та з'їдання картинки в центрі);Якісна тверда палітурка, яка тримає форму та захищає сторінки;Наявність захисної суперобкладинки;Великий формат, де добре видно всі деталі;Цупкий матовий папір без зайвих відблисків","Стікерпак/наліпки;Металевий пін/значок","Будьте здорові та щасливі :D"
"2026/09/01 4:35:11 PM GMT+3","До 18 років","Гуманітарна та суспільна (маркетинг, освіта, філологія, психологія, менеджмент)","Інколи купую під настрій","Переважно текст (головне — велика розповідь, а ілюстрації не обов'язкові або другорядні)","Коли короткий текст або окремі фрази задають напрямок думки, але залишають простір для власних висновків","Захоплива або зворушлива історія (цікавий сюжет, персонажі);Загальна атмосфера і настрій (затишок, таємничість або спокій);Тактильні відчуття (приємно тримати в руках, відчувати фактуру паперу тощо)","Відпочити від екрану та інформаційного шуму;Для власної колекції або на подарунок","Деталізована лінійна графіка (тонкі лінії, штрихування, багато дрібних елементів, які хочеться розглядати);Мінімалістична графіка (прості форми, чисті заливки, чіткі контури)","Не має значення, головне — загальна ідея","Позитивно — це сильний художній прийом, який підсилює емоції та зміну сюжету","Зручність розглядати малюнки на весь розворот (без заломів та з'їдання картинки в центрі)","Арт-картки/листівки;Металевий пін/значок",""
"2026/09/01 4:35:32 PM GMT+3","До 18 років","Гуманітарна та суспільна (маркетинг, освіта, філологія, психологія, менеджмент)","Не купую, але мені це цікаво","Переважно текст (головне — велика розповідь, а ілюстрації не обов'язкові або другорядні)","Коли є послідовна історія, яка веде читача від початку до розв'язки","Виразний авторський стиль (який виділяється і запам'ятовується);Захоплива або зворушлива історія (цікавий сюжет, персонажі);Загальна атмосфера і настрій (затишок, таємничість або спокій)","Емоційно відпочити та перемкнути увагу;Відпочити від екрану та інформаційного шуму;Отримати естетичне задоволення та натхнення;Для власної колекції або на подарунок","Мінімалістична графіка (прості форми, чисті заливки, чіткі контури)","Не має значення, головне — загальна ідея","Позитивно — це сильний художній прийом, який підсилює емоції та зміну сюжету","Цупкий матовий папір без зайвих відблисків","Стікерпак/наліпки;Закладки",""
"2026/09/01 4:35:52 PM GMT+3","18–24 років","Гуманітарна та суспільна (маркетинг, освіта, філологія, психологія, менеджмент)","Ні, мені це нецікаво","Переважно текст (головне — велика розповідь, а ілюстрації не обов'язкові або другорядні)","Коли є послідовна історія, яка веде читача від початку до розв'язки","Виразний авторський стиль (який виділяється і запам'ятовується);Загальна атмосфера і настрій (затишок, таємничість або спокій);Глибина та приховані сенси (коли малюнки викликають філософські думки й мають підтекст, який прямо не прописується)","Емоційно відпочити та перемкнути увагу;Отримати естетичне задоволення та натхнення","Мінімалістична графіка (прості форми, чисті заливки, чіткі контури);Живописна графіка (м'які світлотіні, плавні переходи кольору, мальовничі градієнти);Колажна графіка (мікс різних текстур, фотографій, паперових елементів)","Пастельна, стримана","Нейтрально — якщо це виправдано ідеєю та атмосферою історії","Зручність розглядати малюнки на весь розворот (без заломів та з'їдання картинки в центрі);Якісна тверда палітурка, яка тримає форму та захищає сторінки;Великий формат, де добре видно всі деталі","Арт-картки/листівки;Стікерпак/наліпки;Закладки;Металевий пін/значок","Карина, щасти тобі в досліді. цьом"
"2026/09/01 4:35:57 PM GMT+3","25–34 роки","Творча та мистецька (дизайн, ілюстрація, театр/акторство, медіа, музика)","Інколи купую під настрій","Переважно текст (головне — велика розповідь, а ілюстрації не обов'язкові або другорядні)","Коли короткий текст або окремі фрази задають напрямок думки, але залишають простір для власних висновків","Захоплива або зворушлива історія (цікавий сюжет, персонажі)","Відпочити від екрану та інформаційного шуму","Деталізована лінійна графіка (тонкі лінії, штрихування, багато дрібних елементів, які хочеться розглядати)","Не має значення, головне — загальна ідея","Позитивно — це сильний художній прийом, який підсилює емоції та зміну сюжету","Цупкий матовий папір без зайвих відблисків","Стікерпак/наліпки","https://youtu.be/KaMMD0gOfd0?si=gCWxikqLbW1isV3e"
"2026/09/01 4:38:03 PM GMT+3","18–24 років","Творча та мистецька (дизайн, ілюстрація, театр/акторство, медіа, музика)","Інколи купую під настрій","Рівнозначно і візуал, і текст (історія, де вони доповнюють один одного)","Коли короткий текст або окремі фрази задають напрямок думки, але залишають простір для власних висновків","Виразний авторський стиль (який виділяється і запам'ятовується);Загальна атмосфера і настрій (затишок, таємничість або спокій);Тактильні відчуття (приємно тримати в руках, відчувати фактуру паперу тощо)","Відпочити від екрану та інформаційного шуму;Отримати естетичне задоволення та натхнення;Для розвитку естетичного інтелекту, фантазії, нового досвіду ","Деталізована лінійна графіка (тонкі лінії, штрихування, багато дрібних елементів, які хочеться розглядати);Живописна графіка (м'які світлотіні, плавні переходи кольору, мальовничі градієнти);Експериментальна графіка (нестандартна, модерна графіка, яка не є масовою, але одразу запам'ятовується)","Не має значення, головне — загальна ідея","Нейтрально — якщо це виправдано ідеєю та атмосферою історії","Зручність розглядати малюнки на весь розворот (без заломів та з'їдання картинки в центрі);Якісна тверда палітурка, яка тримає форму та захищає сторінки;Великий формат, де добре видно всі деталі;Цупкий матовий папір без зайвих відблисків","Арт-картки/листівки;Закладки;Достатньо лише самої книги, без додаткових елементів","Успіхів!🫶❤️ від студентки першого курсу психології ЗНУ"
"2026/09/01 4:38:34 PM GMT+3","До 18 років","Гуманітарна та суспільна (маркетинг, освіта, філологія, психологія, менеджмент)","Інколи купую під настрій","Переважно візуал (історія розповідається чисто картинками, без слів або майже без них)","Коли короткий текст або окремі фрази задають напрямок думки, але залишають простір для власних висновків","Захоплива або зворушлива історія (цікавий сюжет, персонажі);Тактильні відчуття (приємно тримати в руках, відчувати фактуру паперу тощо);Глибина та приховані сенси (коли малюнки викликають філософські думки й мають підтекст, який прямо не прописується)","Емоційно відпочити та перемкнути увагу;Для власної колекції або на подарунок","Мінімалістична графіка (прості форми, чисті заливки, чіткі контури);Колажна графіка (мікс різних текстур, фотографій, паперових елементів)","Не має значення, головне — загальна ідея","Нейтрально — якщо це виправдано ідеєю та атмосферою історії","Зручність розглядати малюнки на весь розворот (без заломів та з'їдання картинки в центрі);Наявність захисної суперобкладинки","Закладки;Достатньо лише самої книги, без додаткових елементів",""
"2026/09/01 4:38:37 PM GMT+3","До 18 років","Гуманітарна та суспільна (маркетинг, освіта, філологія, психологія, менеджмент)","Ні, мені це нецікаво","Рівнозначно і візуал, і текст (історія, де вони доповнюють один одного)","Коли сенс розкривається повністю візуально через метафори (без підказок)","Захоплива або зворушлива історія (цікавий сюжет, персонажі);Загальна атмосфера і настрій (затишок, таємничість або спокій);Глибина та приховані сенси (коли малюнки викликають філософські думки й мають підтекст, який прямо не прописується)","Отримати естетичне задоволення та натхнення","Живописна графіка (м'які світлотіні, плавні переходи кольору, мальовничі градієнти);Колажна графіка (мікс різних текстур, фотографій, паперових елементів);Експериментальна графіка (нестандартна, модерна графіка, яка не є масовою, але одразу запам'ятовується)","Чорно-біла / монохромна","Позитивно — це сильний художній прийом, який підсилює емоції та зміну сюжету","Зручність розглядати малюнки на весь розворот (без заломів та з'їдання картинки в центрі);Цупкий матовий папір без зайвих відблисків","Арт-картки/листівки;Стікерпак/наліпки",""
"2026/09/01 4:39:03 PM GMT+3","18–24 років","Гуманітарна та суспільна (маркетинг, освіта, філологія, психологія, менеджмент)","Інколи купую під настрій","Рівнозначно і візуал, і текст (історія, де вони доповнюють один одного)","Коли є послідовна історія, яка веде читача від початку до розв'язки","Виразний авторський стиль (який виділяється і запам'ятовується);Захоплива або зворушлива історія (цікавий сюжет, персонажі);Загальна атмосфера і настрій (затишок, таємничість або спокій)","Відпочити від екрану та інформаційного шуму;Отримати естетичне задоволення та натхнення","Деталізована лінійна графіка (тонкі лінії, штрихування, багато дрібних елементів, які хочеться розглядати);Мінімалістична графіка (прості форми, чисті заливки, чіткі контури);Живописна графіка (м'які світлотіні, плавні переходи кольору, мальовничі градієнти)","Не має значення, головне — загальна ідея","Нейтрально — якщо це виправдано ідеєю та атмосферою історії","Зручність розглядати малюнки на весь розворот (без заломів та з'їдання картинки в центрі);Якісна тверда палітурка, яка тримає форму та захищає сторінки;Великий формат, де добре видно всі деталі","Стікерпак/наліпки;Закладки;Металевий пін/значок",""
"2026/09/01 4:46:09 PM GMT+3","25–34 роки","Гуманітарна та суспільна (маркетинг, освіта, філологія, психологія, менеджмент)","Інколи купую під настрій","Рівнозначно і візуал, і текст (історія, де вони доповнюють один одного)","Коли є послідовна історія, яка веде читача від початку до розв'язки","Виразний авторський стиль (який виділяється і запам'ятовується);Загальна атмосфера і настрій (затишок, таємничість або спокій);Тактильні відчуття (приємно тримати в руках, відчувати фактуру паперу тощо);Глибина та приховані сенси (коли малюнки викликають філософські думки й мають підтекст, який прямо не прописується)","Отримати естетичне задоволення та натхнення;Для власної колекції або на подарунок","Деталізована лінійна графіка (тонкі лінії, штрихування, багато дрібних елементів, які хочеться розглядати);Живописна графіка (м'які світлотіні, плавні переходи кольору, мальовничі градієнти)","Не має значення, головне — загальна ідея","Позитивно — це сильний художній прийом, який підсилює емоції та зміну сюжету","Зручність розглядати малюнки на весь розворот (без заломів та з'їдання картинки в центрі);Якісна тверда палітурка, яка тримає форму та захищає сторінки;Наявність захисної суперобкладинки;Великий формат, де добре видно всі деталі","Арт-картки/листівки;Стікерпак/наліпки;Закладки;Металевий пін/значок","Дякую за цікаве опитування!"
"2026/09/01 4:47:40 PM GMT+3","До 18 років","Гуманітарна та суспільна (маркетинг, освіта, філологія, психологія, менеджмент)","Не купую, але мені це цікаво","Рівнозначно і візуал, і текст (історія, де вони доповнюють один одного)","Коли сенс розкривається повністю візуально через метафори (без підказок)","Виразний авторський стиль (який виділяється і запам'ятовується);Захоплива або зворушлива історія (цікавий сюжет, персонажі);Загальна атмосфера і настрій (затишок, таємничість або спокій);Тактильні відчуття (приємно тримати в руках, відчувати фактуру паперу тощо);Глибина та приховані сенси (коли малюнки викликають філософські думки й мають підтекст, який прямо не прописується)","Емоційно відпочити та перемкнути увагу;Отримати естетичне задоволення та натхнення;Для власної колекції або на подарунок","Деталізована лінійна графіка (тонкі лінії, штрихування, багато дрібних елементів, які хочеться розглядати);Мінімалістична графіка (прості форми, чисті заливки, чіткі контури)","Не має значення, головне — загальна ідея","Позитивно — це сильний художній прийом, який підсилює емоції та зміну сюжету","Зручність розглядати малюнки на весь розворот (без заломів та з'їдання картинки в центрі);Якісна тверда палітурка, яка тримає форму та захищає сторінки;Наявність захисної суперобкладинки;Великий формат, де добре видно всі деталі;Цупкий матовий папір без зайвих відблисків","Арт-картки/листівки;Стікерпак/наліпки;Закладки;Металевий пін/значок;Достатньо лише самої книги, без додаткових елементів",""
"2026/09/01 4:49:21 PM GMT+3","18–24 років","Технічна та природнича (IT, інженерія, наука, фінанси, логістика)","Так, купую регулярно","Рівнозначно і візуал, і текст (історія, де вони доповнюють один одного)","Коли є послідовна історія, яка веде читача від початку до розв'язки","Виразний авторський стиль (який виділяється і запам'ятовується);Захоплива або зворушлива історія (цікавий сюжет, персонажі);Глибина та приховані сенси (коли малюнки викликають філософські думки й мають підтекст, який прямо не прописується)","Емоційно відпочити та перемкнути увагу;Відпочити від екрану та інформаційного шуму;Отримати естетичне задоволення та натхнення","Деталізована лінійна графіка (тонкі лінії, штрихування, багато дрібних елементів, які хочеться розглядати)","Не має значення, головне — загальна ідея","Нейтрально — якщо це виправдано ідеєю та атмосферою історії","Великий формат, де добре видно всі деталі;Цупкий матовий папір без зайвих відблисків","Арт-картки/листівки;Стікерпак/наліпки",""
"2026/09/01 4:49:33 PM GMT+3","18–24 років","Гуманітарна та суспільна (маркетинг, освіта, філологія, психологія, менеджмент)","Ні, мені це нецікаво","Переважно текст (головне — велика розповідь, а ілюстрації не обов'язкові або другорядні)","Коли є послідовна історія, яка веде читача від початку до розв'язки","Захоплива або зворушлива історія (цікавий сюжет, персонажі);Загальна атмосфера і настрій (затишок, таємничість або спокій)","Емоційно відпочити та перемкнути увагу;Відпочити від екрану та інформаційного шуму","Живописна графіка (м'які світлотіні, плавні переходи кольору, мальовничі градієнти);Експериментальна графіка (нестандартна, модерна графіка, яка не є масовою, але одразу запам'ятовується)","Не має значення, головне — загальна ідея","Нейтрально — якщо це виправдано ідеєю та атмосферою історії","Якісна тверда палітурка, яка тримає форму та захищає сторінки;Цупкий матовий папір без зайвих відблисків","Арт-картки/листівки;Стікерпак/наліпки",""
"2026/09/01 4:51:27 PM GMT+3","До 18 років","Гуманітарна та суспільна (маркетинг, освіта, філологія, психологія, менеджмент)","Не купую, але мені це цікаво","Рівнозначно і візуал, і текст (історія, де вони доповнюють один одного)","Коли короткий текст або окремі фрази задають напрямок думки, але залишають простір для власних висновків","Захоплива або зворушлива історія (цікавий сюжет, персонажі);Загальна атмосфера і настрій (затишок, таємничість або спокій);Глибина та приховані сенси (коли малюнки викликають філософські думки й мають підтекст, який прямо не прописується)","Емоційно відпочити та перемкнути увагу;Відпочити від екрану та інформаційного шуму;Отримати естетичне задоволення та натхнення","Мінімалістична графіка (прості форми, чисті заливки, чіткі контури);Живописна графіка (м'які світлотіні, плавні переходи кольору, мальовничі градієнти);Експериментальна графіка (нестандартна, модерна графіка, яка не є масовою, але одразу запам'ятовується)","Не має значення, головне — загальна ідея","Нейтрально — якщо це виправдано ідеєю та атмосферою історії","Зручність розглядати малюнки на весь розворот (без заломів та з'їдання картинки в центрі);Великий формат, де добре видно всі деталі","Арт-картки/листівки;Стікерпак/наліпки","Бажаю вам розвитку в навчанні, професійних здобутків і, загалом, безлічі благословінь!  Хоч я й не знаю вас особисто, але вірю, що ви дуже класна людина з потужним майбутнім! 💕"
"2026/09/01 4:52:14 PM GMT+3","18–24 років","Гуманітарна та суспільна (маркетинг, освіта, філологія, психологія, менеджмент)","Так, купую регулярно","Рівнозначно і візуал, і текст (історія, де вони доповнюють один одного)","Коли є послідовна історія, яка веде читача від початку до розв'язки","Виразний авторський стиль (який виділяється і запам'ятовується);Захоплива або зворушлива історія (цікавий сюжет, персонажі);Загальна атмосфера і настрій (затишок, таємничість або спокій);Тактильні відчуття (приємно тримати в руках, відчувати фактуру паперу тощо);Глибина та приховані сенси (коли малюнки викликають філософські думки й мають підтекст, який прямо не прописується)","Емоційно відпочити та перемкнути увагу;Відпочити від екрану та інформаційного шуму;Отримати естетичне задоволення та натхнення;Для власної колекції або на подарунок","Мінімалістична графіка (прості форми, чисті заливки, чіткі контури);Живописна графіка (м'які світлотіні, плавні переходи кольору, мальовничі градієнти)","Не має значення, головне — загальна ідея","Нейтрально — якщо це виправдано ідеєю та атмосферою історії","Зручність розглядати малюнки на весь розворот (без заломів та з'їдання картинки в центрі);Якісна тверда палітурка, яка тримає форму та захищає сторінки;Цупкий матовий папір без зайвих відблисків","Арт-картки/листівки;Стікерпак/наліпки;Закладки;Металевий пін/значок;Достатньо лише самої книги, без додаткових елементів","Класне опитування, цікаве 🥰"
"2026/09/01 4:52:32 PM GMT+3","18–24 років","Гуманітарна та суспільна (маркетинг, освіта, філологія, психологія, менеджмент)","Інколи купую під настрій","Переважно текст (головне — велика розповідь, а ілюстрації не обов'язкові або другорядні)","Коли короткий текст або окремі фрази задають напрямок думки, але залишають простір для власних висновків","Захоплива або зворушлива історія (цікавий сюжет, персонажі)","Отримати естетичне задоволення та натхнення;Для власної колекції або на подарунок","Деталізована лінійна графіка (тонкі лінії, штрихування, багато дрібних елементів, які хочеться розглядати);Експериментальна графіка (нестандартна, модерна графіка, яка не є масовою, але одразу запам'ятовується)","Не має значення, головне — загальна ідея","Позитивно — це сильний художній прийом, який підсилює емоції та зміну сюжету","Зручність розглядати малюнки на весь розворот (без заломів та з'їдання картинки в центрі);Якісна тверда палітурка, яка тримає форму та захищає сторінки;Великий формат, де добре видно всі деталі","Арт-картки/листівки;Стікерпак/наліпки;Закладки;Металевий пін/значок",""
"2026/09/01 4:53:03 PM GMT+3","18–24 років","Гуманітарна та суспільна (маркетинг, освіта, філологія, психологія, менеджмент)","Не купую, але мені це цікаво","Переважно текст (головне — велика розповідь, а ілюстрації не обов'язкові або другорядні)","Коли є послідовна історія, яка веде читача від початку до розв'язки","Виразний авторський стиль (який виділяється і запам'ятовується);Захоплива або зворушлива історія (цікавий сюжет, персонажі);Глибина та приховані сенси (коли малюнки викликають філософські думки й мають підтекст, який прямо не прописується)","Емоційно відпочити та перемкнути увагу","Живописна графіка (м'які світлотіні, плавні переходи кольору, мальовничі градієнти)","Не має значення, головне — загальна ідея","Нейтрально — якщо це виправдано ідеєю та атмосферою історії","Зручність розглядати малюнки на весь розворот (без заломів та з'їдання картинки в центрі)","Арт-картки/листівки",""
"2026/09/01 4:53:18 PM GMT+3","18–24 років","Гуманітарна та суспільна (маркетинг, освіта, філологія, психологія, менеджмент)","Ні, мені це нецікаво","Рівнозначно і візуал, і текст (історія, де вони доповнюють один одного)","Коли є послідовна історія, яка веде читача від початку до розв'язки","Виразний авторський стиль (який виділяється і запам'ятовується);Захоплива або зворушлива історія (цікавий сюжет, персонажі);Загальна атмосфера і настрій (затишок, таємничість або спокій);Глибина та приховані сенси (коли малюнки викликають філософські думки й мають підтекст, який прямо не прописується)","Емоційно відпочити та перемкнути увагу;Відпочити від екрану та інформаційного шуму;Для власної колекції або на подарунок","Мінімалістична графіка (прості форми, чисті заливки, чіткі контури)","Не має значення, головне — загальна ідея","Позитивно — це сильний художній прийом, який підсилює емоції та зміну сюжету","Зручність розглядати малюнки на весь розворот (без заломів та з'їдання картинки в центрі);Якісна тверда палітурка, яка тримає форму та захищає сторінки;Цупкий матовий папір без зайвих відблисків","Стікерпак/наліпки;Закладки;Металевий пін/значок","Топ 1 мем після завершення навчання 😂 https://pin.it/GwwX53vDS"
"2026/09/01 4:54:40 PM GMT+3","18–24 років","Творча та мистецька (дизайн, ілюстрація, театр/акторство, медіа, музика)","Ні, мені це нецікаво","Переважно текст (головне — велика розповідь, а ілюстрації не обов'язкові або другорядні)","Коли є послідовна історія, яка веде читача від початку до розв'язки","Інколи цікаво подивитись як персонажа бачить автор, а не так як придумала фантазія читача","Для власної колекції або на подарунок","Мінімалістична графіка (прості форми, чисті заливки, чіткі контури);Живописна графіка (м'які світлотіні, плавні переходи кольору, мальовничі градієнти)","Темна, дещо похмура","Нейтрально — якщо це виправдано ідеєю та атмосферою історії","Якісна тверда палітурка, яка тримає форму та захищає сторінки;Великий формат, де добре видно всі деталі;Цупкий матовий папір без зайвих відблисків","Стікерпак/наліпки;Закладки;Металевий пін/значок",""
"2026/09/01 4:56:30 PM GMT+3","18–24 років","Інше","Не купую, але мені це цікаво","Переважно текст (головне — велика розповідь, а ілюстрації не обов'язкові або другорядні)","Коли є послідовна історія, яка веде читача від початку до розв'язки","Захоплива або зворушлива історія (цікавий сюжет, персонажі)","Для власної колекції або на подарунок","Деталізована лінійна графіка (тонкі лінії, штрихування, багато дрібних елементів, які хочеться розглядати);Мінімалістична графіка (прості форми, чисті заливки, чіткі контури);Живописна графіка (м'які світлотіні, плавні переходи кольору, мальовничі градієнти)","Не має значення, головне — загальна ідея","Позитивно — це сильний художній прийом, який підсилює емоції та зміну сюжету","Наявність захисної суперобкладинки","Арт-картки/листівки;Стікерпак/наліпки;Закладки",""
"2026/09/01 4:56:34 PM GMT+3","18–24 років","Гуманітарна та суспільна (маркетинг, освіта, філологія, психологія, менеджмент)","Не купую, але мені це цікаво","Рівнозначно і візуал, і текст (історія, де вони доповнюють один одного)","Коли є послідовна історія, яка веде читача від початку до розв'язки","Загальна атмосфера і настрій (затишок, таємничість або спокій);Глибина та приховані сенси (коли малюнки викликають філософські думки й мають підтекст, який прямо не прописується)","Для власної колекції або на подарунок","Деталізована лінійна графіка (тонкі лінії, штрихування, багато дрібних елементів, які хочеться розглядати)","Не має значення, головне — загальна ідея","Позитивно — це сильний художній прийом, який підсилює емоції та зміну сюжету","Зручність розглядати малюнки на весь розворот (без заломів та з'їдання картинки в центрі)","Достатньо лише самої книги, без додаткових елементів","❤️"
"2026/09/01 4:56:36 PM GMT+3","18–24 років","Творча та мистецька (дизайн, ілюстрація, театр/акторство, медіа, музика)","Інколи купую під настрій","Рівнозначно і візуал, і текст (історія, де вони доповнюють один одного)","Коли короткий текст або окремі фрази задають напрямок думки, але залишають простір для власних висновків","Виразний авторський стиль (який виділяється і запам'ятовується);Захоплива або зворушлива історія (цікавий сюжет, персонажі);Тактильні відчуття (приємно тримати в руках, відчувати фактуру паперу тощо)","Отримати естетичне задоволення та натхнення;Для власної колекції або на подарунок","Деталізована лінійна графіка (тонкі лінії, штрихування, багато дрібних елементів, які хочеться розглядати);Живописна графіка (м'які світлотіні, плавні переходи кольору, мальовничі градієнти);Експериментальна графіка (нестандартна, модерна графіка, яка не є масовою, але одразу запам'ятовується)","Не має значення, головне — загальна ідея","Нейтрально — якщо це виправдано ідеєю та атмосферою історії","Зручність розглядати малюнки на весь розворот (без заломів та з'їдання картинки в центрі);Великий формат, де добре видно всі деталі;Цупкий матовий папір без зайвих відблисків","Стікерпак/наліпки;Закладки;Металевий пін/значок",""
"2026/09/01 4:56:40 PM GMT+3","18–24 років","Творча та мистецька (дизайн, ілюстрація, театр/акторство, медіа, музика)","Не купую, але мені це цікаво","Рівнозначно і візуал, і текст (історія, де вони доповнюють один одного)","Коли короткий текст або окремі фрази задають напрямок думки, але залишають простір для власних висновків","Виразний авторський стиль (який виділяється і запам'ятовується);Захоплива або зворушлива історія (цікавий сюжет, персонажі);Загальна атмосфера і настрій (затишок, таємничість або спокій);Глибина та приховані сенси (коли малюнки викликають філософські думки й мають підтекст, який прямо не прописується)","Емоційно відпочити та перемкнути увагу;Відпочити від екрану та інформаційного шуму;Отримати естетичне задоволення та натхнення","Мінімалістична графіка (прості форми, чисті заливки, чіткі контури);Експериментальна графіка (нестандартна, модерна графіка, яка не є масовою, але одразу запам'ятовується)","Пастельна, стримана","Нейтрально — якщо це виправдано ідеєю та атмосферою історії","Зручність розглядати малюнки на весь розворот (без заломів та з'їдання картинки в центрі);Якісна тверда палітурка, яка тримає форму та захищає сторінки","Арт-картки/листівки;Стікерпак/наліпки;Закладки",""
"2026/09/01 5:02:49 PM GMT+3","18–24 років","Технічна та природнича (IT, інженерія, наука, фінанси, логістика)","Так, купую регулярно","Рівнозначно і візуал, і текст (історія, де вони доповнюють один одного)","Коли короткий текст або окремі фрази задають напрямок думки, але залишають простір для власних висновків","Виразний авторський стиль (який виділяється і запам'ятовується);Загальна атмосфера і настрій (затишок, таємничість або спокій);Тактильні відчуття (приємно тримати в руках, відчувати фактуру паперу тощо);Глибина та приховані сенси (коли малюнки викликають філософські думки й мають підтекст, який прямо не прописується)","Отримати естетичне задоволення та натхнення;Для власної колекції або на подарунок","Деталізована лінійна графіка (тонкі лінії, штрихування, багато дрібних елементів, які хочеться розглядати);Мінімалістична графіка (прості форми, чисті заливки, чіткі контури);Живописна графіка (м'які світлотіні, плавні переходи кольору, мальовничі градієнти)","Не має значення, головне — загальна ідея","Позитивно — це сильний художній прийом, який підсилює емоції та зміну сюжету","Зручність розглядати малюнки на весь розворот (без заломів та з'їдання картинки в центрі);Якісна тверда палітурка, яка тримає форму та захищає сторінки;Цупкий матовий папір без зайвих відблисків","Арт-картки/листівки;Стікерпак/наліпки;Металевий пін/значок","Артбуки це одна з найкращих речей, які існують в форматі, подібному до книжного. Дуже зручно, коли в кінці там є посилання на соцмережі художників і художниць, бо так можна знайти нових митців собі в стрічку. А для самих митців це, напевно, непоганий спосіб знайти підписників"
"2026/09/01 5:03:05 PM GMT+3","35+ років","Гуманітарна та суспільна (маркетинг, освіта, філологія, психологія, менеджмент)","Ні, мені це нецікаво","Переважно текст (головне — велика розповідь, а ілюстрації не обов'язкові або другорядні)","Коли є послідовна історія, яка веде читача від початку до розв'язки","Виразний авторський стиль (який виділяється і запам'ятовується);Захоплива або зворушлива історія (цікавий сюжет, персонажі)","Емоційно відпочити та перемкнути увагу","Живописна графіка (м'які світлотіні, плавні переходи кольору, мальовничі градієнти)","Не має значення, головне — загальна ідея","Негативно — віддаю перевагу єдиній кольоровій гамі протягом усієї книги","Якісна тверда палітурка, яка тримає форму та захищає сторінки;Цупкий матовий папір без зайвих відблисків","Стікерпак/наліпки;Закладки",""
"2026/09/01 5:04:18 PM GMT+3","18–24 років","Гуманітарна та суспільна (маркетинг, освіта, філологія, психологія, менеджмент)","Інколи купую під настрій","Переважно текст (головне — велика розповідь, а ілюстрації не обов'язкові або другорядні)","Коли є послідовна історія, яка веде читача від початку до розв'язки","Загальна атмосфера і настрій (затишок, таємничість або спокій);Глибина та приховані сенси (коли малюнки викликають філософські думки й мають підтекст, який прямо не прописується)","Емоційно відпочити та перемкнути увагу;Відпочити від екрану та інформаційного шуму;Отримати естетичне задоволення та натхнення;Для власної колекції або на подарунок","Мінімалістична графіка (прості форми, чисті заливки, чіткі контури);Живописна графіка (м'які світлотіні, плавні переходи кольору, мальовничі градієнти)","Насичена, яскрава","Нейтрально — якщо це виправдано ідеєю та атмосферою історії","Зручність розглядати малюнки на весь розворот (без заломів та з'їдання картинки в центрі);Якісна тверда палітурка, яка тримає форму та захищає сторінки;Наявність захисної суперобкладинки;Великий формат, де добре видно всі деталі;Цупкий матовий папір без зайвих відблисків","Арт-картки/листівки;Закладки","Нехай щастить🩷"
"2026/09/01 5:06:55 PM GMT+3","18–24 років","Творча та мистецька (дизайн, ілюстрація, театр/акторство, медіа, музика)","Інколи купую під настрій","Переважно візуал (історія розповідається чисто картинками, без слів або майже без них)","Коли короткий текст або окремі фрази задають напрямок думки, але залишають простір для власних висновків","Виразний авторський стиль (який виділяється і запам'ятовується);Захоплива або зворушлива історія (цікавий сюжет, персонажі);Тактильні відчуття (приємно тримати в руках, відчувати фактуру паперу тощо)","Емоційно відпочити та перемкнути увагу;Відпочити від екрану та інформаційного шуму;Отримати естетичне задоволення та натхнення;Для власної колекції або на подарунок","Деталізована лінійна графіка (тонкі лінії, штрихування, багато дрібних елементів, які хочеться розглядати);Мінімалістична графіка (прості форми, чисті заливки, чіткі контури);Експериментальна графіка (нестандартна, модерна графіка, яка не є масовою, але одразу запам'ятовується)","Насичена, яскрава","Негативно — віддаю перевагу єдиній кольоровій гамі протягом усієї книги","Зручність розглядати малюнки на весь розворот (без заломів та з'їдання картинки в центрі);Якісна тверда палітурка, яка тримає форму та захищає сторінки;Наявність захисної суперобкладинки;Великий формат, де добре видно всі деталі;Цупкий матовий папір без зайвих відблисків","Арт-картки/листівки;Стікерпак/наліпки","Краще підпишіться на мій телеграм канал https://t.me/k_k_m_bat_art , там багато мемів"
"2026/09/01 5:14:08 PM GMT+3","18–24 років","Гуманітарна та суспільна (маркетинг, освіта, філологія, психологія, менеджмент)","Не купую, але мені це цікаво","Рівнозначно і візуал, і текст (історія, де вони доповнюють один одного)","Коли короткий текст або окремі фрази задають напрямок думки, але залишають простір для власних висновків","Захоплива або зворушлива історія (цікавий сюжет, персонажі);Загальна атмосфера і настрій (затишок, таємничість або спокій);Глибина та приховані сенси (коли малюнки викликають філософські думки й мають підтекст, який прямо не прописується)","Отримати естетичне задоволення та натхнення","Живописна графіка (м'які світлотіні, плавні переходи кольору, мальовничі градієнти)","Не має значення, головне — загальна ідея","Нейтрально — якщо це виправдано ідеєю та атмосферою історії","Зручність розглядати малюнки на весь розворот (без заломів та з'їдання картинки в центрі);Якісна тверда палітурка, яка тримає форму та захищає сторінки;Великий формат, де добре видно всі деталі","Стікерпак/наліпки",""
"2026/09/01 5:19:08 PM GMT+3","25–34 роки","Творча та мистецька (дизайн, ілюстрація, театр/акторство, медіа, музика)","Не купую, але мені це цікаво","Переважно візуал (історія розповідається чисто картинками, без слів або майже без них)","Коли сенс розкривається повністю візуально через метафори (без підказок)","Виразний авторський стиль (який виділяється і запам'ятовується);Загальна атмосфера і настрій (затишок, таємничість або спокій);Глибина та приховані сенси (коли малюнки викликають філософські думки й мають підтекст, який прямо не прописується)","Отримати естетичне задоволення та натхнення","Деталізована лінійна графіка (тонкі лінії, штрихування, багато дрібних елементів, які хочеться розглядати);Живописна графіка (м'які світлотіні, плавні переходи кольору, мальовничі градієнти);Колажна графіка (мікс різних текстур, фотографій, паперових елементів);Експериментальна графіка (нестандартна, модерна графіка, яка не є масовою, але одразу запам'ятовується)","Насичена, яскрава","Нейтрально — якщо це виправдано ідеєю та атмосферою історії","Зручність розглядати малюнки на весь розворот (без заломів та з'їдання картинки в центрі)","Арт-картки/листівки;Стікерпак/наліпки","Успіхів :)"
"2026/09/01 6:16:32 PM GMT+3","18–24 років","Гуманітарна та суспільна (маркетинг, освіта, філологія, психологія, менеджмент)","Не купую, але мені це цікаво","Рівнозначно і візуал, і текст (історія, де вони доповнюють один одного)","Коли сенс розкривається повністю візуально через метафори (без підказок)","Виразний авторський стиль (який виділяється і запам'ятовується);Захоплива або зворушлива історія (цікавий сюжет, персонажі);Загальна атмосфера і настрій (затишок, таємничість або спокій);Глибина та приховані сенси (коли малюнки викликають філософські думки й мають підтекст, який прямо не прописується)","Емоційно відпочити та перемкнути увагу;Отримати естетичне задоволення та натхнення","Мінімалістична графіка (прості форми, чисті заливки, чіткі контури);Живописна графіка (м'які світлотіні, плавні переходи кольору, мальовничі градієнти)","Не має значення, головне — загальна ідея","Нейтрально — якщо це виправдано ідеєю та атмосферою історії","Зручність розглядати малюнки на весь розворот (без заломів та з'їдання картинки в центрі);Великий формат, де добре видно всі деталі","Арт-картки/листівки;Стікерпак/наліпки;Закладки;Металевий пін/значок","https://pin.it/2bwBZ8JgQ"
"2026/09/01 6:37:10 PM GMT+3","18–24 років","Гуманітарна та суспільна (маркетинг, освіта, філологія, психологія, менеджмент)","Не купую, але мені це цікаво","Переважно текст (головне — велика розповідь, а ілюстрації не обов'язкові або другорядні)","Коли короткий текст або окремі фрази задають напрямок думки, але залишають простір для власних висновків","Захоплива або зворушлива історія (цікавий сюжет, персонажі);Тактильні відчуття (приємно тримати в руках, відчувати фактуру паперу тощо)","Емоційно відпочити та перемкнути увагу;Отримати естетичне задоволення та натхнення","Деталізована лінійна графіка (тонкі лінії, штрихування, багато дрібних елементів, які хочеться розглядати);Живописна графіка (м'які світлотіні, плавні переходи кольору, мальовничі градієнти);Колажна графіка (мікс різних текстур, фотографій, паперових елементів)","Чорно-біла / монохромна","Нейтрально — якщо це виправдано ідеєю та атмосферою історії","Зручність розглядати малюнки на весь розворот (без заломів та з'їдання картинки в центрі);Якісна тверда палітурка, яка тримає форму та захищає сторінки;Цупкий матовий папір без зайвих відблисків","Арт-картки/листівки;Стікерпак/наліпки;Закладки",""
"2026/09/01 7:09:30 PM GMT+3","18–24 років","Гуманітарна та суспільна (маркетинг, освіта, філологія, психологія, менеджмент)","Не купую, але мені це цікаво","Рівнозначно і візуал, і текст (історія, де вони доповнюють один одного)","Коли короткий текст або окремі фрази задають напрямок думки, але залишають простір для власних висновків","Виразний авторський стиль (який виділяється і запам'ятовується);Загальна атмосфера і настрій (затишок, таємничість або спокій);Тактильні відчуття (приємно тримати в руках, відчувати фактуру паперу тощо)","Емоційно відпочити та перемкнути увагу;Отримати естетичне задоволення та натхнення","Деталізована лінійна графіка (тонкі лінії, штрихування, багато дрібних елементів, які хочеться розглядати);Колажна графіка (мікс різних текстур, фотографій, паперових елементів)","Не має значення, головне — загальна ідея","Позитивно — це сильний художній прийом, який підсилює емоції та зміну сюжету","Якісна тверда палітурка, яка тримає форму та захищає сторінки;Цупкий матовий папір без зайвих відблисків","Стікерпак/наліпки;Закладки","Нехай в тебе буде все добре! "
"2026/09/01 8:12:37 PM GMT+3","До 18 років","Гуманітарна та суспільна (маркетинг, освіта, філологія, психологія, менеджмент)","Ні, мені це нецікаво","Переважно текст (головне — велика розповідь, а ілюстрації не обов'язкові або другорядні)","Коли є послідовна історія, яка веде читача від початку до розв'язки","Виразний авторський стиль (який виділяється і запам'ятовується);Захоплива або зворушлива історія (цікавий сюжет, персонажі);Загальна атмосфера і настрій (затишок, таємничість або спокій)","Емоційно відпочити та перемкнути увагу;Відпочити від екрану та інформаційного шуму","Деталізована лінійна графіка (тонкі лінії, штрихування, багато дрібних елементів, які хочеться розглядати);Живописна графіка (м'які світлотіні, плавні переходи кольору, мальовничі градієнти);Колажна графіка (мікс різних текстур, фотографій, паперових елементів)","Не має значення, головне — загальна ідея","Позитивно — це сильний художній прийом, який підсилює емоції та зміну сюжету","Зручність розглядати малюнки на весь розворот (без заломів та з'їдання картинки в центрі);Якісна тверда палітурка, яка тримає форму та захищає сторінки","Стікерпак/наліпки;Закладки;Металевий пін/значок","заходить улітка в бар..."
"2026/09/01 8:29:34 PM GMT+3","18–24 років","Гуманітарна та суспільна (маркетинг, освіта, філологія, психологія, менеджмент)","Так, купую регулярно","Рівнозначно і візуал, і текст (історія, де вони доповнюють один одного)","Коли короткий текст або окремі фрази задають напрямок думки, але залишають простір для власних висновків","Захоплива або зворушлива історія (цікавий сюжет, персонажі);Загальна атмосфера і настрій (затишок, таємничість або спокій);Глибина та приховані сенси (коли малюнки викликають філософські думки й мають підтекст, який прямо не прописується)","Відпочити від екрану та інформаційного шуму;Для власної колекції або на подарунок","Деталізована лінійна графіка (тонкі лінії, штрихування, багато дрібних елементів, які хочеться розглядати);Живописна графіка (м'які світлотіні, плавні переходи кольору, мальовничі градієнти)","Не має значення, головне — загальна ідея","Позитивно — це сильний художній прийом, який підсилює емоції та зміну сюжету","Зручність розглядати малюнки на весь розворот (без заломів та з'їдання картинки в центрі);Якісна тверда палітурка, яка тримає форму та захищає сторінки","Стікерпак/наліпки;Металевий пін/значок","Бажаю успішно захистити дипломну роботу! (⁠◠⁠‿⁠・⁠)⁠—⁠☆"
"2026/09/01 8:52:47 PM GMT+3","До 18 років","Гуманітарна та суспільна (маркетинг, освіта, філологія, психологія, менеджмент)","Не купую, але мені це цікаво","Рівнозначно і візуал, і текст (історія, де вони доповнюють один одного)","Коли є послідовна історія, яка веде читача від початку до розв'язки","Захоплива або зворушлива історія (цікавий сюжет, персонажі);Загальна атмосфера і настрій (затишок, таємничість або спокій);Тактильні відчуття (приємно тримати в руках, відчувати фактуру паперу тощо)","Емоційно відпочити та перемкнути увагу;Для власної колекції або на подарунок","Деталізована лінійна графіка (тонкі лінії, штрихування, багато дрібних елементів, які хочеться розглядати)","Не має значення, головне — загальна ідея","Позитивно — це сильний художній прийом, який підсилює емоції та зміну сюжету","Зручність розглядати малюнки на весь розворот (без заломів та з'їдання картинки в центрі);Якісна тверда палітурка, яка тримає форму та захищає сторінки","Стікерпак/наліпки;Закладки","маладєц"
"2026/09/01 8:57:38 PM GMT+3","18–24 років","Творча та мистецька (дизайн, ілюстрація, театр/акторство, медіа, музика)","Не купую, але мені це цікаво","Рівнозначно і візуал, і текст (історія, де вони доповнюють один одного)","Коли сенс розкривається повністю візуально через метафори (без підказок)","Виразний авторський стиль (який виділяється і запам'ятовується);Загальна атмосфера і настрій (затишок, таємничість або спокій);Тактильні відчуття (приємно тримати в руках, відчувати фактуру паперу тощо);Глибина та приховані сенси (коли малюнки викликають філософські думки й мають підтекст, який прямо не прописується)","Емоційно відпочити та перемкнути увагу;Отримати естетичне задоволення та натхнення","Деталізована лінійна графіка (тонкі лінії, штрихування, багато дрібних елементів, які хочеться розглядати);Живописна графіка (м'які світлотіні, плавні переходи кольору, мальовничі градієнти);Колажна графіка (мікс різних текстур, фотографій, паперових елементів)","Насичена, яскрава","Нейтрально — якщо це виправдано ідеєю та атмосферою історії","Зручність розглядати малюнки на весь розворот (без заломів та з'їдання картинки в центрі);Якісна тверда палітурка, яка тримає форму та захищає сторінки;Цупкий матовий папір без зайвих відблисків","Арт-картки/листівки;Стікерпак/наліпки;Закладки","https://vt.tiktok.com/ZSVKVwdGH/"
"2026/09/01 9:39:52 PM GMT+3","18–24 років","Гуманітарна та суспільна (маркетинг, освіта, філологія, психологія, менеджмент)","Не купую, але мені це цікаво","Рівнозначно і візуал, і текст (історія, де вони доповнюють один одного)","Коли є послідовна історія, яка веде читача від початку до розв'язки","Виразний авторський стиль (який виділяється і запам'ятовується);Захоплива або зворушлива історія (цікавий сюжет, персонажі);Загальна атмосфера і настрій (затишок, таємничість або спокій)","Відпочити від екрану та інформаційного шуму;Отримати естетичне задоволення та натхнення","Мінімалістична графіка (прості форми, чисті заливки, чіткі контури)","Не має значення, головне — загальна ідея","Нейтрально — якщо це виправдано ідеєю та атмосферою історії","Якісна тверда палітурка, яка тримає форму та захищає сторінки","Стікерпак/наліпки;Закладки;Металевий пін/значок",""
"2026/09/01 9:50:49 PM GMT+3","18–24 років","Гуманітарна та суспільна (маркетинг, освіта, філологія, психологія, менеджмент)","Так, купую регулярно","Переважно текст (головне — велика розповідь, а ілюстрації не обов'язкові або другорядні)","Коли короткий текст або окремі фрази задають напрямок думки, але залишають простір для власних висновків","Виразний авторський стиль (який виділяється і запам'ятовується);Тактильні відчуття (приємно тримати в руках, відчувати фактуру паперу тощо);Глибина та приховані сенси (коли малюнки викликають філософські думки й мають підтекст, який прямо не прописується)","Отримати естетичне задоволення та натхнення","Деталізована лінійна графіка (тонкі лінії, штрихування, багато дрібних елементів, які хочеться розглядати);Експериментальна графіка (нестандартна, модерна графіка, яка не є масовою, але одразу запам'ятовується)","Пастельна, стримана","Нейтрально — якщо це виправдано ідеєю та атмосферою історії","Зручність розглядати малюнки на весь розворот (без заломів та з'їдання картинки в центрі);Цупкий матовий папір без зайвих відблисків","Стікерпак/наліпки;Металевий пін/значок",""
"2026/09/01 11:04:33 PM GMT+3","До 18 років","Творча та мистецька (дизайн, ілюстрація, театр/акторство, медіа, музика)","Так, купую регулярно","Рівнозначно і візуал, і текст (історія, де вони доповнюють один одного)","Коли короткий текст або окремі фрази задають напрямок думки, але залишають простір для власних висновків","Виразний авторський стиль (який виділяється і запам'ятовується);Захоплива або зворушлива історія (цікавий сюжет, персонажі)","Отримати естетичне задоволення та натхнення;Для власної колекції або на подарунок","Деталізована лінійна графіка (тонкі лінії, штрихування, багато дрібних елементів, які хочеться розглядати);Мінімалістична графіка (прості форми, чисті заливки, чіткі контури);Живописна графіка (м'які світлотіні, плавні переходи кольору, мальовничі градієнти)","Пастельна, стримана","Нейтрально — якщо це виправдано ідеєю та атмосферою історії","Великий формат, де добре видно всі деталі;Цупкий матовий папір без зайвих відблисків","Арт-картки/листівки;Стікерпак/наліпки","привіт від першокурсників!!"
"2026/09/02 12:19:28 PM GMT+3","18–24 років","Інше","Не купую, але мені це цікаво","Переважно текст (головне — велика розповідь, а ілюстрації не обов'язкові або другорядні)","Коли сенс розкривається повністю візуально через метафори (без підказок)","Виразний авторський стиль (який виділяється і запам'ятовується);Захоплива або зворушлива історія (цікавий сюжет, персонажі);Глибина та приховані сенси (коли малюнки викликають філософські думки й мають підтекст, який прямо не прописується)","Емоційно відпочити та перемкнути увагу;Відпочити від екрану та інформаційного шуму","Деталізована лінійна графіка (тонкі лінії, штрихування, багато дрібних елементів, які хочеться розглядати);Живописна графіка (м'які світлотіні, плавні переходи кольору, мальовничі градієнти)","Пастельна, стримана","Позитивно — це сильний художній прийом, який підсилює емоції та зміну сюжету","Зручність розглядати малюнки на весь розворот (без заломів та з'їдання картинки в центрі);Великий формат, де добре видно всі деталі","Арт-картки/листівки;Стікерпак/наліпки",""
"2026/09/02 1:28:24 PM GMT+3","35+ років","Гуманітарна та суспільна (маркетинг, освіта, філологія, психологія, менеджмент)","Не купую, але мені це цікаво","Переважно текст (головне — велика розповідь, а ілюстрації не обов'язкові або другорядні)","Коли є послідовна історія, яка веде читача від початку до розв'язки","Загальна атмосфера і настрій (затишок, таємничість або спокій);Тактильні відчуття (приємно тримати в руках, відчувати фактуру паперу тощо)","Отримати естетичне задоволення та натхнення","Живописна графіка (м'які світлотіні, плавні переходи кольору, мальовничі градієнти)","Насичена, яскрава","Позитивно — це сильний художній прийом, який підсилює емоції та зміну сюжету","Зручність розглядати малюнки на весь розворот (без заломів та з'їдання картинки в центрі);Якісна тверда палітурка, яка тримає форму та захищає сторінки;Великий формат, де добре видно всі деталі;Цупкий матовий папір без зайвих відблисків","Арт-картки/листівки;Стікерпак/наліпки;Закладки","Дякую!"
"2026/09/04 4:07:34 PM GMT+3","18–24 років","Інше","Ні, мені це нецікаво","Переважно текст (головне — велика розповідь, а ілюстрації не обов'язкові або другорядні)","Коли є послідовна історія, яка веде читача від початку до розв'язки","Виразний авторський стиль (який виділяється і запам'ятовується);Захоплива або зворушлива історія (цікавий сюжет, персонажі);Тактильні відчуття (приємно тримати в руках, відчувати фактуру паперу тощо);Глибина та приховані сенси (коли малюнки викликають філософські думки й мають підтекст, який прямо не прописується)","не купую","Колажна графіка (мікс різних текстур, фотографій, паперових елементів);Експериментальна графіка (нестандартна, модерна графіка, яка не є масовою, але одразу запам'ятовується)","Не має значення, головне — загальна ідея","Нейтрально — якщо це виправдано ідеєю та атмосферою історії","Зручність розглядати малюнки на весь розворот (без заломів та з'їдання картинки в центрі)","Закладки;Достатньо лише самої книги, без додаткових елементів",""
"2026/09/04 7:41:24 PM GMT+3","18–24 років","Творча та мистецька (дизайн, ілюстрація, театр/акторство, медіа, музика)","Не купую, але мені це цікаво","Рівнозначно і візуал, і текст (історія, де вони доповнюють один одного)","Коли сенс розкривається повністю візуально через метафори (без підказок)","Виразний авторський стиль (який виділяється і запам'ятовується);Загальна атмосфера і настрій (затишок, таємничість або спокій);Глибина та приховані сенси (коли малюнки викликають філософські думки й мають підтекст, який прямо не прописується)","Емоційно відпочити та перемкнути увагу;Відпочити від екрану та інформаційного шуму;Отримати естетичне задоволення та натхнення","Живописна графіка (м'які світлотіні, плавні переходи кольору, мальовничі градієнти);Колажна графіка (мікс різних текстур, фотографій, паперових елементів);Експериментальна графіка (нестандартна, модерна графіка, яка не є масовою, але одразу запам'ятовується)","Насичена, яскрава","Позитивно — це сильний художній прийом, який підсилює емоції та зміну сюжету","Зручність розглядати малюнки на весь розворот (без заломів та з'їдання картинки в центрі);Наявність захисної суперобкладинки;Великий формат, де добре видно всі деталі","Стікерпак/наліпки;Металевий пін/значок;Достатньо лише самої книги, без додаткових елементів",""
"2026/09/06 4:53:44 AM GMT+3","35+ років","Інше","Не купую, але мені це цікаво","Рівнозначно і візуал, і текст (історія, де вони доповнюють один одного)","Коли короткий текст або окремі фрази задають напрямок думки, але залишають простір для власних висновків","Захоплива або зворушлива історія (цікавий сюжет, персонажі);Загальна атмосфера і настрій (затишок, таємничість або спокій)","Просто цікаво","Деталізована лінійна графіка (тонкі лінії, штрихування, багато дрібних елементів, які хочеться розглядати);Живописна графіка (м'які світлотіні, плавні переходи кольору, мальовничі градієнти)","Не має значення, головне — загальна ідея","Нейтрально — якщо це виправдано ідеєю та атмосферою історії","Зручність розглядати малюнки на весь розворот (без заломів та з'їдання картинки в центрі);Якісна тверда палітурка, яка тримає форму та захищає сторінки;Великий формат, де добре видно всі деталі","Металевий пін/значок","-"
"2026/09/10 3:31:40 PM GMT+3","18–24 років","Гуманітарна та суспільна (маркетинг, освіта, філологія, психологія, менеджмент)","Не купую, але мені це цікаво","Рівнозначно і візуал, і текст (історія, де вони доповнюють один одного)","Коли є послідовна історія, яка веде читача від початку до розв'язки","Виразний авторський стиль (який виділяється і запам'ятовується);Загальна атмосфера і настрій (затишок, таємничість або спокій);Тактильні відчуття (приємно тримати в руках, відчувати фактуру паперу тощо)","Емоційно відпочити та перемкнути увагу;Відпочити від екрану та інформаційного шуму;Отримати естетичне задоволення та натхнення","Деталізована лінійна графіка (тонкі лінії, штрихування, багато дрібних елементів, які хочеться розглядати);Колажна графіка (мікс різних текстур, фотографій, паперових елементів);Експериментальна графіка (нестандартна, модерна графіка, яка не є масовою, але одразу запам'ятовується)","Насичена, яскрава","Нейтрально — якщо це виправдано ідеєю та атмосферою історії","Зручність розглядати малюнки на весь розворот (без заломів та з'їдання картинки в центрі);Якісна тверда палітурка, яка тримає форму та захищає сторінки","Арт-картки/листівки;Стікерпак/наліпки",""